Ferroptosis_and_Immune_System_Genes_edges_table_subgraph.AUK	Ferroptosis_and_Immune_System_subgraphs_expansion1_Genes_edges_table_subgraph.AUK	Ferroptosis_and_Immune_System_subgraphs_expansion2_Genes_edges_table_subgraph.AUK
Signaling by AXIN mutants	1.76668016200216e-06	0.000183790305710469	0.000104413962548236
Degradation of beta-catenin by the destruction complex	6.58346347863566e-06	6.30657454658321e-06	1.21623196188175e-05
APC truncation mutants have impaired AXIN binding	1.70654960738813e-05	0.000382925461194051	0.000119263245525097
Signaling by SCF-KIT	1.88069997918244e-05	2.54850108159085e-05	4.5527491432894e-06
Signaling by AMER1 mutants	2.09696316310334e-05	8.99555624533358e-05	0.000164882706508128
MAPK3 (ERK1) activation	2.68491937226597e-05	0.000379938831530244	0.000185599152379977
Signaling by KIT in disease	2.96925612670681e-05	3.08134163155403e-05	8.79132569905547e-05
S45 mutants of beta-catenin aren't phosphorylated	4.17603832648863e-05	7.89658185417498e-05	0.000371723208279114
T41 mutants of beta-catenin aren't phosphorylated	5.06704850674871e-05	1.24342915270514e-05	0.000310522447994151
Signaling by phosphorylated juxtamembrane, extracellular and kinase domain KIT mutants	6.37098236916817e-05	5.94628689080504e-05	4.59261973425795e-05
Signaling by CTNNB1 phospho-site mutants	7.86100706174414e-05	4.92130732484528e-05	0.000249731069833415
MAPK1 (ERK2) activation	8.35932124052227e-05	0.000192947976343549	0.000859859139477282
Signaling by Leptin	0.000117709037911441	2.66843033905217e-05	0.000391480218621596
Signaling by GSK3beta mutants	0.000123054558090535	8.37276253286908e-05	0.000128076553797853
S33 mutants of beta-catenin aren't phosphorylated	0.000132348871532601	0.000316789371520091	0.000199736577998857
Beta-catenin phosphorylation cascade	0.000201814260511775	0.000497458661505746	0.000293729826931843
Selective autophagy	0.000212242224758403	4.88966780406325e-06	0.00285731481683148
TRAF6 mediated induction of NFkB and MAP kinases upon TLR7/8 or 9 activation	0.000218223416537627	0.000177363523261341	1.32752938188462e-06
Activation of NF-kappaB in B cells	0.000272187053974872	0.00113016714938135	5.50101520714819e-05
2-LTR circle formation	0.000293916050008899	0.0376532177769637	0.644284475534087
AXIN missense mutants destabilize the destruction complex	0.000302814995271855	0.000453358129700687	0.000552299447644753
Disassembly of the destruction complex and recruitment of AXIN to the membrane	0.000328487786958399	3.7263590134451e-05	2.04272098258102e-05
Truncations of AMER1 destabilize the destruction complex	0.000349428717915616	0.000273388806621153	0.000334013987136618
Toll Like Receptor 3 (TLR3) Cascade	0.000374512692242685	9.75368988363475e-05	4.76564621160095e-08
TRAF6 mediated IRF7 activation in TLR7/8 or 9 signaling	0.00039398096727371	0.000132571395803044	2.53096175876822e-05
Early Phase of HIV Life Cycle	0.000399270214013093	0.000550622179854877	0.00336763570867787
MyD88 dependent cascade initiated on endosome	0.000399493079868089	7.91317867204214e-05	1.55982286794733e-08
S37 mutants of beta-catenin aren't phosphorylated	0.000421446235976087	0.000320478910224031	0.000227729541775387
MyD88-independent TLR4 cascade	0.000440378723334126	0.000552427610012388	1.10714325887043e-07
Potential therapeutics for SARS	0.000457409525079204	0.00119404684664484	0.000233548143008978
Signaling by WNT in cancer	0.000479035323089373	0.000275326543617533	0.00013992348906708
Toll Like Receptor 9 (TLR9) Cascade	0.000594454823669616	0.000557619324360632	5.14712723067204e-09
TRIF(TICAM1)-mediated TLR4 signaling	0.00059889553951175	0.000407957691099257	3.68052668647217e-07
Toll Like Receptor 10 (TLR10) Cascade	0.000617557455578446	0.000202567551652704	5.53536771245925e-07
Toll Like Receptor 5 (TLR5) Cascade	0.000622600670903836	0.000145900389026292	5.21090224931826e-07
MyD88 cascade initiated on plasma membrane	0.00069416372342889	0.000213993372126268	3.80363018792164e-07
Signaling by APC mutants	0.000832438053090851	0.000332984092448302	5.61410571524512e-05
Downstream signaling events of B Cell Receptor (BCR)	0.000892915306667749	0.000598273559406518	7.68770379153964e-05
Toll Like Receptor TLR1:TLR2 Cascade	0.000905200363538531	0.000990736887231279	7.27581997085502e-08
Toll Like Receptor 7/8 (TLR7/8) Cascade	0.00090973124946813	0.000126912552676823	9.80344367700427e-09
MyD88:MAL(TIRAP) cascade initiated on plasma membrane	0.000930379556784773	0.000954589390635128	2.47059860588908e-07
Regulation of APC/C activators between G1/S and early anaphase	0.000980982393856266	0.00332088748099028	0.000369096272272291
MAP2K and MAPK activation	0.000983259087499288	0.000241527257591811	8.23579041017967e-05
Downstream signal transduction	0.00102428966305347	0.00313584287105777	0.000344982797915971
Constitutive Signaling by Aberrant PI3K in Cancer	0.00106151578529091	0.00015289721869298	4.13241764396192e-06
Signaling by Erythropoietin	0.00110725733907586	0.000572358328120351	3.07001978128157e-05
Erythropoietin activates STAT5	0.00120633791129338	0.000544057904267193	0.000394012155130872
Signaling by FGFR in disease	0.00121822599157824	0.00411796998446039	0.000805874523069478
ECM proteoglycans	0.00124943376977957	0.000234172100327019	0.00022357192389233
Signaling by PDGF	0.00125260532932664	0.000933597941053202	0.000108854520669615
Dectin-1 mediated noncanonical NF-kB signaling	0.0013280394396599	0.00137862053321536	0.000923070668393094
FGFR1 mutant receptor activation	0.00136680317323198	0.00354224327421412	0.00224882597044839
GLI3 is processed to GLI3R by the proteasome	0.00145570971383107	0.00270091799259112	0.000440587143173783
EPH-ephrin mediated repulsion of cells	0.00148789578328423	0.00450962113418872	0.00349997090119023
PECAM1 interactions	0.00150015011486199	0.000723059540985277	0.000281416295897691
Integration of provirus	0.00162880240834405	9.98024966118634e-05	0.605396823390412
Regulation of PLK1 Activity at G2/M Transition	0.00171476417741544	0.00358659716556767	0.000503218876086914
TRAF3-dependent IRF activation pathway	0.00172867363071474	0.00310820537893764	0.000354612180974556
Toll Like Receptor TLR6:TLR2 Cascade	0.00174349070229288	0.000559988372317388	9.66573288526528e-07
Hedgehog 'off' state	0.00174843214995149	0.00140014348269743	0.00035770933922185
NOD1/2 Signaling Pathway	0.00182742689326677	0.000445559425367091	6.25007192065092e-05
Signaling by FGFR1 in disease	0.00185411875368815	0.00189346839373095	0.00188768159179349
Degradation of GLI1 by the proteasome	0.00190229968648201	0.00856989630109408	0.0012757429123731
Signaling by cytosolic FGFR1 fusion mutants	0.00196402595759004	0.00162472363759285	0.00199525048162854
MAP kinase activation	0.00202006298129282	0.000913806171959322	1.1643845712802e-05
FOXO-mediated transcription	0.00210237076202384	0.0756815736187724	0.000129532339907831
Toll Like Receptor 2 (TLR2) Cascade	0.00242786743673542	0.000798586882413033	4.32843790509353e-06
FLT3 signaling in disease	0.0026883143364812	0.00240594463451775	0.00166838941714988
Degradation of GLI2 by the proteasome	0.00271337400408858	0.00146756169558448	0.000418380619334644
IRAK1 recruits IKK complex	0.00274279048011334	0.00100199224431114	0.00168195739206856
STAT5 activation downstream of FLT3 ITD mutants	0.0028418404529597	0.00371880800300537	0.0282392231446475
MAP3K8 (TPL2)-dependent MAPK1/3 activation	0.00287246504749248	0.00119715509668474	0.000373381642080044
EPH-Ephrin signaling	0.0029736089103151	0.00371064461572575	0.00416407217186861
Nucleotide-binding domain, leucine rich repeat containing receptor (NLR) signaling pathways	0.00297715208089933	0.00200251588693906	5.60246960501131e-05
Regulation of mitotic cell cycle	0.00298484830386524	0.0370941851341186	0.000282244914774627
Signaling by high-kinase activity BRAF mutants	0.00305117247355413	0.000177338920405955	0.000132197870106556
Deactivation of the beta-catenin transactivating complex	0.00316302820145312	0.00601421788201126	0.00124654083146564
APC/C-mediated degradation of cell cycle proteins	0.0032912818781605	0.055075930468139	0.000805134541339027
HSP90 chaperone cycle for steroid hormone receptors (SHR)	0.00332962802509109	0.61338233970884	0.00290591008482034
IRAK1 recruits IKK complex upon TLR7/8 or 9 stimulation	0.00334871729060456	0.00122511421474883	0.00275322803360019
Platelet Aggregation (Plug Formation)	0.00342382291504002	0.00793263238940031	0.000531590484259559
Negative regulation of MAPK pathway	0.00352365271783614	0.00356916598248013	0.000880849759259615
Signaling by MET	0.0038402273465387	0.00103225466234442	0.000138127772217414
GPVI-mediated activation cascade	0.00390367617832814	0.00168711690170231	2.3870610510501e-05
MAPK targets/ Nuclear events mediated by MAP kinases	0.00397117340418989	0.0180063659752031	0.00107418011191491
Signaling by FLT3 ITD and TKD mutants	0.00399160615468645	0.00712004996452969	0.00751511630657381
IKK complex recruitment mediated by RIP1	0.00409416929873058	0.00216447644693934	4.05959344817458e-06
Caspase activation via extrinsic apoptotic signalling pathway	0.00431886737015438	0.00521325211172406	0.000217353051904498
EPHB-mediated forward signaling	0.00447805964582499	0.00355591447490347	0.00166315895779394
SCF-beta-TrCP mediated degradation of Emi1	0.00465447306356509	0.00697316140456057	0.000650011238460406
Negative regulation of FGFR2 signaling	0.00485643706081048	0.00303063865761338	0.000582766286125907
Negative regulation of FGFR3 signaling	0.00528362714667378	0.0077432339698688	0.000305526623308401
Signaling by TGF-beta Receptor Complex	0.00543653432969016	0.00562074986344936	0.000615325655953578
DEx/H-box helicases activate type I IFN and inflammatory cytokines production	0.00558939436949966	0.0392709172824677	0.0146335557316108
Platelet Adhesion to exposed collagen	0.00568402428740049	0.0207307245361624	0.0880041463136177
Negative regulation of FGFR1 signaling	0.00585010045117559	0.00985782313244354	0.000722765653837145
TRAF6-mediated induction of TAK1 complex within TLR4 complex	0.00591241026746032	0.00323490603526008	2.05070914586638e-05
TAK1 activates NFkB by phosphorylation and activation of IKKs complex	0.00609630382307829	0.00270722607355771	1.96116279198677e-05
Spry regulation of FGF signaling	0.00638323222230133	0.00757019570914799	0.000803542623403212
EPHA-mediated growth cone collapse	0.0065142245085994	0.00280429225035714	0.00183183543202865
Activation of ATR in response to replication stress	0.00660147583756517	0.0173341460614908	0.000439153847747057
Cellular response to hypoxia	0.00685280348819536	0.00907408217123732	0.000694639755687491
Transcriptional regulation by RUNX3	0.00691109571107119	0.0178391503796588	0.000166977512197888
RHO GTPases Activate WASPs and WAVEs	0.00703156986232193	0.0115150323594819	0.00137527346619767
Extra-nuclear estrogen signaling	0.00713035101747202	0.00107094276807212	0.000511463105231952
Signaling by FGFR3	0.00730162232413666	0.0039293785601074	0.00029360908236667
ZBP1(DAI) mediated induction of type I IFNs	0.00733340641500937	0.00350805956561088	4.13139645834982e-05
CD209 (DC-SIGN) signaling	0.00750421432425141	0.0228700741613847	0.0049888774338736
Signaling by FGFR4	0.00781975540868674	0.00276784192597283	0.000430881344454195
CTLA4 inhibitory signaling	0.00808609463744456	0.0016842328982902	0.00150027681125598
FOXO-mediated transcription of oxidative stress, metabolic and neuronal genes	0.00853009116059231	0.0100038876503788	0.000497092681987402
TRAF6 mediated NF-kB activation	0.00867210289489773	0.00418201151268918	9.92204083674387e-05
G1 Phase	0.00898414505221204	0.00516128293014184	0.00151299561916539
IRAK2 mediated activation of TAK1 complex upon TLR7/8 or 9 stimulation	0.00902870285174301	0.00315597509831323	8.65952399213156e-06
Cyclin D associated events in G1	0.00916621958670915	0.00487257219484932	0.000793113763014081
Regulation of TP53 Degradation	0.00933785466464102	0.0030803779891172	0.000148534355151045
TGF-beta receptor signaling activates SMADs	0.00945296054627263	0.00440352636110825	0.00189491439773808
Signaling by FGFR	0.00949602608648063	0.00195664527960564	0.000278273145303057
Frs2-mediated activation	0.00953955738105158	0.0200668537093714	0.000951916971539567
Synthesis of active ubiquitin: roles of E1 and E2 enzymes	0.00970894090010911	0.0173588421423334	0.00105454865316327
Chaperone Mediated Autophagy	0.0100480592598341	0.0169232251082781	0.0075541787025318
Caspase activation via Death Receptors in the presence of ligand	0.0100731690513621	0.00631631103563616	1.16036161877371e-05
TRIF-mediated programmed cell death	0.0102561495951101	0.00543137073076648	1.67153626322978e-05
Signaling by ERBB2	0.0102706959832378	0.000833106284130545	4.24077062138399e-05
NOTCH4 Intracellular Domain Regulates Transcription	0.01034151301801	0.0146101305008626	0.0342814121536274
Signaling by Ligand-Responsive EGFR Variants in Cancer	0.0103437085311736	0.00234691458152117	0.000201101106509743
Signaling by FGFR2	0.0103687980979887	0.00277993400823861	0.000292802977395034
Regulation of TP53 Activity through Acetylation	0.0106937181902822	0.0461273580071926	0.0104422437923844
Signaling by FGFR1	0.0109450297816864	0.00261285244467112	0.00011894117961527
Signalling to ERKs	0.0109987704355232	0.0107179673217727	0.00193404653077382
TP53 Regulates Transcription of Death Receptors and Ligands	0.011903052919925	0.554699611618697	0.00157035693225316
Golgi Associated Vesicle Biogenesis	0.0119422847641805	0.0140695987359605	0.00379777643235946
Downregulation of ERBB2 signaling	0.0122656965004373	0.0166394433163064	0.00187847666532572
Global Genome Nucleotide Excision Repair (GG-NER)	0.0123664331476282	0.0243042897869245	0.00153880142967683
RIP-mediated NFkB activation via ZBP1	0.0124977957569432	0.00205856435585391	0.000300983368601834
HDR through Homologous Recombination (HRR)	0.0128789711738921	0.0103464299005735	0.00100790836512461
Negative regulation of FGFR4 signaling	0.0129623711032639	0.00401027744590045	0.000340763489780919
Regulation of localization of FOXO transcription factors	0.0136012224953397	0.0916634433716431	0.00360507923342419
Regulation of TP53 Expression and Degradation	0.0138812137966908	0.00251644017399822	0.000140525333476134
Signaling by FLT3 fusion proteins	0.0140433410565267	0.0126706649467096	0.00532156326650122
Signaling by EGFR in Cancer	0.0142860805550386	0.00108878911438615	0.00038271752616233
Non-integrin membrane-ECM interactions	0.0144326185489099	0.000814347296314603	0.000778542031508508
SUMOylation of transcription factors	0.01445386377375	0.540328693089404	0.00724829195229438
Activation of BH3-only proteins	0.0148735092600416	0.0243624241584296	0.000480522938522927
Regulated Necrosis	0.0151076125966298	0.00555424856437648	0.000126585391365731
PTK6 Regulates RTKs and Their Effectors AKT1 and DOK1	0.0157107346591661	0.145400455818831	0.0144135107583442
p53-Dependent G1 DNA Damage Response	0.0158128106841722	0.0257500296339277	0.000778036375908309
Activation of BAD and translocation to mitochondria	0.0160786069038713	0.122754637146931	0.00105730556587796
Activation of IRF3/IRF7 mediated by TBK1/IKK epsilon	0.0164658408841527	0.171709891773648	0.00011178272757982
Pyroptosis	0.0165460508979263	0.022125026921084	0.0276782481361574
trans-Golgi Network Vesicle Budding	0.0165663518716001	0.0203924314764773	0.00230215032527892
p75NTR signals via NF-kB	0.0176515566381058	0.00132532950923426	0.000220946841764251
Listeria monocytogenes entry into host cells	0.0177695309790564	0.0031676706535507	0.0023895425462173
Resolution of D-Loop Structures	0.0179661970600151	0.512982849999196	0.000274843482302787
Stabilization of p53	0.0181493555465306	0.0251566515713511	0.00285301451397137
G1/S DNA Damage Checkpoints	0.0182990215180604	0.024403750480744	0.000956927981178953
NF-kB is activated and signals survival	0.0189409526457817	0.00289673803882929	0.000391520871193805
Regulation of mRNA stability by proteins that bind AU-rich elements	0.0190314735186179	0.0209087019682829	0.00706272465017413
p75NTR recruits signalling complexes	0.0195309296213863	0.0171474143162326	0.00175757637712191
TICAM1, RIP1-mediated IKK complex recruitment	0.0200449300694306	0.00894537857031644	1.68023814646437e-05
Negative regulators of DDX58/IFIH1 signaling	0.0201338256080044	0.0223962262939806	6.14326344931059e-06
Oxygen-dependent proline hydroxylation of Hypoxia-inducible Factor Alpha	0.020163436372735	0.00937172062273623	0.00177214037387091
InlA-mediated entry of Listeria monocytogenes into host cells	0.0203604908769075	0.00663890386516379	0.00484368563877134
Molecules associated with elastic fibres	0.0209470720075669	0.000589706992447224	0.000445036698595158
Constitutive Signaling by Ligand-Responsive EGFR Cancer Variants	0.0211956580630256	0.000429055074609582	0.000387794994526595
RAF activation	0.0213979820323122	0.181758427151934	0.0124689036102549
IkBA variant leads to EDA-ID	0.021433493691188	0.00627130526014577	0.00128272694615415
Signaling by PTK6	0.021811410487414	0.0123375294865777	0.000662082384465612
Regulation of HMOX1 expression and activity	0.0218114975608432	0.037720321104406	0.00354389437864181
Heme signaling	0.0227446003173522	0.00734760014102647	0.00312782078517911
Formation of Incision Complex in GG-NER	0.023327361414459	0.0227922809648636	0.0039735478891038
Oncogene Induced Senescence	0.0236906941124912	0.0396070182327385	0.00100142963418783
Signaling by NTRK2 (TRKB)	0.0239328694637558	0.00734258491443866	0.000786155614568944
p53-Dependent G1/S DNA damage checkpoint	0.0241637064169537	0.0172191994738095	0.000149151272996833
Formation of TC-NER Pre-Incision Complex	0.0242356868409182	0.0293516437488883	0.00132099634373402
Translesion Synthesis by POLH	0.0243199431987451	0.0352145271499555	0.00498709340068118
TGF-beta receptor signaling in EMT (epithelial to mesenchymal transition)	0.024556811235656	0.0122757182237373	0.00244946813410725
TICAM1-dependent activation of IRF3/IRF7	0.0248398708686986	0.012570351801639	0.000696118809629022
The role of GTSE1 in G2/M progression after G2 checkpoint	0.0249639496908854	0.0127714044784351	0.00108476123547158
Signaling by ALK in cancer	0.0250041843944357	0.0116355067144908	0.00176046213712392
Signaling by ALK fusions and activated point mutants	0.0251317368405542	0.0177643156458028	0.000274449241311964
Nuclear events stimulated by ALK signaling in cancer	0.0251467508547532	0.0253510014458186	0.0119575955927271
Gap-filling DNA repair synthesis and ligation in TC-NER	0.0252389103440998	0.028234953743286	0.000386948187659436
Regulation of RAS by GAPs	0.0252581195213478	0.0373423962016044	0.00783800182137196
Dual incision in TC-NER	0.0252780211304589	0.0339878280732738	0.000238606705877744
Netrin-1 signaling	0.0253944891455388	0.22222099750526	0.00332978589305722
TNF signaling	0.0255515318487764	0.0201286501996174	7.35301225796586e-08
Transcription-Coupled Nucleotide Excision Repair (TC-NER)	0.0257189581413512	0.0262054251284349	0.000353857141585937
IRAK2 mediated activation of TAK1 complex	0.0260345043728252	0.0244196598344455	0.000535022245467565
Degradation of DVL	0.0265575059560601	0.048687136516209	0.00829563845230774
Cyclin A:Cdk2-associated events at S phase entry	0.0268874638337449	0.0165036017558533	0.000314593032090871
Autodegradation of the E3 ubiquitin ligase COP1	0.0269177230627692	0.0360712750695067	0.0410964292514055
Downregulation of TGF-beta receptor signaling	0.0269339992000499	0.0327992500107828	0.00925790500221355
InlB-mediated entry of Listeria monocytogenes into host cell	0.0270926307997955	0.0144050921184559	0.00362978897641554
Cyclin E associated events during G1/S transition	0.0277456688418288	0.0463073167743915	0.000190149786191249
Activated NOTCH1 Transmits Signal to the Nucleus	0.0277789750463481	0.0627960357758983	0.00923671998163867
RIPK1-mediated regulated necrosis	0.0278064646512731	0.0295461723994057	3.30909304158895e-05
CD28 co-stimulation	0.0278114229574337	0.00131269781530283	6.37871329355591e-06
Regulation of RUNX3 expression and activity	0.0283148714199824	0.0240029263796238	0.00156539805330886
Presynaptic phase of homologous DNA pairing and strand exchange	0.0284458936026417	0.427254627339099	5.51992058015394e-06
Signaling by Non-Receptor Tyrosine Kinases	0.0286054250642483	0.0214916446926252	0.00044662875766816
Regulation of TP53 Activity through Methylation	0.0288155660048458	0.0338660310720362	0.000527883420368134
Syndecan interactions	0.0288683657256675	0.00136708443965771	0.000899285851673784
Regulation of TNFR1 signaling	0.0288911568696843	0.0207503444078208	1.00441215803512e-05
Regulation of innate immune responses to cytosolic DNA	0.0288930721399939	0.029914299976272	0.0139567159791225
FLT3 signaling by CBL mutants	0.0290218864873873	0.0163783776958261	0.0193971798016429
Signaling by EGFR	0.0294095805413983	0.00286623243954375	3.53381687057786e-05
DNA Replication Pre-Initiation	0.0294132340764461	0.025386851456075	0.00503211055912849
Gap-filling DNA repair synthesis and ligation in GG-NER	0.029480796348668	0.0296641010361435	0.0130000374459287
TICAM1,TRAF6-dependent induction of TAK1 complex	0.0301225806408423	0.023123122959495	0.000213247014624456
ROS sensing by NFE2L2	0.0304008884705536	0.0666852207128312	0.00662453214648538
Regulation of necroptotic cell death	0.0312672802322967	0.0240720236959732	6.732702117802e-05
Amplification  of signal from unattached  kinetochores via a MAD2  inhibitory signal	0.0313733988177747	0.0042064606462988	0.000112012719497808
MAPK6/MAPK4 signaling	0.0315268024100823	0.0442118551477588	0.0143898091631699
Late endosomal microautophagy	0.0316554979997582	0.0245808236446626	0.0161908621977152
UCH proteinases	0.0319251741362745	0.0302068793428523	0.0121388433382409
Aggrephagy	0.0321441070136064	0.0145515143188662	0.00636595923310944
Regulation of TP53 Activity through Association with Co-factors	0.0322293226353658	0.134795657891314	0.00143972720347676
TP53 Regulates Transcription of Cell Death Genes	0.0324127732206389	0.426848051814093	0.00297269617170869
Inhibition of replication initiation of damaged DNA by RB1/E2F1	0.0325091043668051	0.180107093816946	0.0545613507286396
EGFR downregulation	0.0327481829372964	0.010644104223264	0.000982550580095674
Dual Incision in GG-NER	0.0331301180061213	0.0380494540601326	0.0116989283949786
Ubiquitin Mediated Degradation of Phosphorylated Cdc25A	0.0332818320830159	0.056612573239112	0.0272895314369055
Translesion synthesis by REV1	0.0334094440665541	0.0344655070669779	0.0112935775797833
Recognition of DNA damage by PCNA-containing replication complex	0.0335527533376019	0.0205409008922943	0.00633181538724581
VEGFA-VEGFR2 Pathway	0.0335918580108775	0.0013249730583289	2.32498617777513e-06
AUF1 (hnRNP D0) binds and destabilizes mRNA	0.0336149960384131	0.0288669534922491	0.0386931695775629
RUNX3 regulates BCL2L11 (BIM) transcription	0.0338378553181915	0.0339047588501827	0.0063648607147703
Signaling by Activin	0.033945777226031	0.202239419410053	0.0377902119302123
DNA Damage Recognition in GG-NER	0.0357366905924969	0.0346389832239467	0.0111159620622952
Prolonged ERK activation events	0.0362395682307636	0.12536768998709	0.0023493841077711
NRIF signals cell death from the nucleus	0.0363895484991537	0.025332312362052	0.00514683872517146
JNK (c-Jun kinases) phosphorylation and  activation mediated by activated human TAK1	0.0364218243756979	0.00221935733953681	3.18309067932111e-05
Translesion synthesis by POLK	0.036808752404599	0.0358451797919967	0.00683616026408951
APC/C:Cdc20 mediated degradation of Securin	0.0373331730857497	0.0596005887273213	0.00401185704820796
PCP/CE pathway	0.0373375394127288	0.0215077116049669	0.000558139454705754
Cellular response to heat stress	0.0377705134583954	0.0618302797490288	0.00363057156464638
Translesion synthesis by Y family DNA polymerases bypasses lesions on DNA template	0.0379016721773726	0.0375835544132458	0.0149190822093223
L1CAM interactions	0.037960016757678	0.000128069938137786	0.00114986958484996
Modulation by Mtb of host immune system	0.0380937066978779	0.0190251271425222	0.0298904206104244
Defective CFTR causes cystic fibrosis	0.0389898219589616	0.0621176366715175	0.011549450821484
APC/C:Cdh1 mediated degradation of Cdc20 and other APC/C:Cdh1 targeted proteins in late mitosis/early G1	0.0393404556860928	0.55733865806967	0.00066175020381678
Pexophagy	0.0393800768012268	0.071341018213847	0.010908166898819
APC-Cdc20 mediated degradation of Nek2A	0.0400889150218558	0.0617460419556113	0.00485006985364872
TP53 Regulates Transcription of Genes Involved in Cytochrome C Release	0.040127829396445	0.0568247294186213	0.000843812448882026
ABC transporter disorders	0.0402662346118291	0.0372526027273759	0.0154031350834108
Downregulation of ERBB2:ERBB3 signaling	0.040269809782464	0.107324755080248	0.0125721009811317
APC/C:Cdc20 mediated degradation of mitotic proteins	0.0402777333573965	0.0381011262693396	0.00113733788988842
Vif-mediated degradation of APOBEC3G	0.040587195708155	0.0408256520185231	0.0100317261019559
Intrinsic Pathway for Apoptosis	0.0406160624365837	0.0144816480294638	9.23675029401378e-05
Termination of translesion DNA synthesis	0.0406467762528111	0.0437726243341219	0.00706954004817543
Infection with Mycobacterium tuberculosis	0.0407636029322581	0.0406078927401206	0.018721687432717
Erythropoietin activates Phosphoinositide-3-kinase (PI3K)	0.0426594469466755	0.00299868350527537	0.000459765636349765
SMAD2/3 MH2 Domain Mutants in Cancer	0.042801787905543	0.0316776648478745	0.0470913580649657
RUNX3 regulates CDKN1A transcription	0.0432972487841529	0.447989539189817	0.0104337179849518
NOTCH3 Activation and Transmission of Signal to the Nucleus	0.0435535340877196	0.0324978682269987	0.0153875644932198
MET activates STAT3	0.0439697488405226	0.031075039468173	0.00391316357523801
p53-Independent DNA Damage Response	0.0440629597869108	0.0674969883553972	0.0159779622456667
Nuclear Events (kinase and transcription factor activation)	0.044205860301032	0.37202867355109	0.00958305621897594
Regulation of PTEN stability and activity	0.0443216837066521	0.171864910873248	0.00459647621518547
PINK1-PRKN Mediated Mitophagy	0.0449700052912251	0.0390969471052089	0.00123923665344172
NOTCH2 Activation and Transmission of Signal to the Nucleus	0.0454797303302052	0.0456229395258148	0.0337715574702458
Response of Mtb to phagocytosis	0.04562701692478	0.0320032803534725	0.0198043281903608
Asymmetric localization of PCP proteins	0.0456373570328448	0.0493098794318031	0.021296572470724
Homologous DNA Pairing and Strand Exchange	0.0461921858275872	0.459082467558369	0.000100978626093216
Endosomal Sorting Complex Required For Transport (ESCRT)	0.0465277994960695	0.0541685574255734	0.0218445960852586
MET activates PTPN11	0.0465539408151395	0.362414079062735	0.00326604686874576
Membrane binding and targetting of GAG proteins	0.0465851701561621	0.0465766058869087	0.0324383591139435
Hh mutants are degraded by ERAD	0.0469112965907211	0.0658953393059274	0.0296179153116677
Hh mutants abrogate ligand secretion	0.0473263501630726	0.049263724020697	0.0237529692111016
Autodegradation of Cdh1 by Cdh1:APC/C	0.0473779674331058	0.0400862642912333	0.0062467060504898
Cdc20:Phospho-APC/C mediated degradation of Cyclin A	0.0474813037321062	0.0525470632696857	0.00101087644103465
Platelet sensitization by LDL	0.047821000077639	0.0882178940941687	0.0167448802555449
Assembly Of The HIV Virion	0.0478722735202803	0.0529892988128368	0.0257913373859686
DARPP-32 events	0.0478827751827388	0.0306357981820598	0.000161961893936982
Myoclonic epilepsy of Lafora	0.0479248053913721	0.0372656374719969	0.016159873851536
Assembly of the pre-replicative complex	0.0482054943779911	0.0245216078921992	0.0313613929192518
APC:Cdc20 mediated degradation of cell cycle proteins prior to satisfation of the cell cycle checkpoint	0.0490290025194152	0.0457469978837823	0.00338993723813396
Translesion synthesis by POLI	0.0500174061368769	0.0329047692819415	0.00598910493992205
Signaling by PDGFR in disease	0.0500473676164201	0.00812122683848554	0.00329264655974577
Budding and maturation of HIV virion	0.0502592532571864	0.0565278886098682	0.0316602219521302
Regulation of activated PAK-2p34 by proteasome mediated degradation	0.0513725068009773	0.0595886871205061	0.0244961198601325
Glycogen metabolism	0.0519828941157335	0.0397668817268174	0.0204233765471693
Synthesis And Processing Of GAG, GAGPOL Polyproteins	0.0520793489941399	0.0481121142816357	0.0384293049802988
Basigin interactions	0.0520818274905509	0.0153806985660868	1.5003167955771e-06
Fanconi Anemia Pathway	0.052090975016216	0.022087317034817	0.0225272387736338
Defective HDR through Homologous Recombination Repair (HRR) due to PALB2 loss of BRCA1 binding function	0.0524604564961088	0.521386682473779	0.000299722296619834
Hedgehog ligand biogenesis	0.0526705473904107	0.0503188512441549	0.0230446882280396
Regulation of glycolysis by fructose 2,6-bisphosphate metabolism	0.0541545531032553	0.0465695438501872	0.0037894437428065
Regulation of PTEN localization	0.0545675467318474	0.0408937809742675	0.0133672529465047
p53-Independent G1/S DNA damage checkpoint	0.0559424412344164	0.0557361682463442	0.0201739287926956
Glycogen synthesis	0.0562401102172339	0.0505378777246413	0.0176478512802319
DNA Damage Bypass	0.0565159905621763	0.0309808677530127	0.00411671300953622
FBXL7 down-regulates AURKA during mitotic entry and in early mitosis	0.0568957364626349	0.0476388794225298	0.00286046309534049
Chk1/Chk2(Cds1) mediated inactivation of Cyclin B:Cdk1 complex	0.0570855497982517	0.688763062347196	0.000550974327583138
TP53 Regulates Transcription of DNA Repair Genes	0.0577609742996389	0.0619671188889364	0.000153482984758251
Maturation of protein E	0.059002398058223	0.0725229668524774	0.0299170419044311
Alpha-protein kinase 1 signaling pathway	0.0590050274888302	0.0337119525567812	0.000532888877924287
TP53 Regulates Transcription of Caspase Activators and Caspases	0.0592810612433568	0.072715755669059	0.0065658899738283
Ubiquitin-dependent degradation of Cyclin D	0.0593843581842849	0.140718026967645	0.00607982693036074
Downregulation of ERBB4 signaling	0.0595301869945061	0.0356280184862603	0.0229839620629926
Suppression of phagosomal maturation	0.0597309710597736	0.0461482469993536	0.0303968478773182
SCF(Skp2)-mediated degradation of p27/p21	0.0599603933183534	0.0261290767993566	0.000243447364856399
PP2A-mediated dephosphorylation of key metabolic factors	0.0601050110385144	0.0624496577043466	0.00538848005818562
Defective HDR through Homologous Recombination (HRR) due to PALB2 loss of function	0.0603753845819871	0.515233371350111	7.28281086031064e-05
CDT1 association with the CDC6:ORC:origin complex	0.0611151196985452	0.0481175046058437	0.0145472504782636
Regulation of FZD by ubiquitination	0.0612647241601204	0.0504373852745097	0.0184545261863812
EML4 and NUDC in mitotic spindle formation	0.0615734213478996	0.00321997443237121	0.000119386002159016
Signaling by RAF1 mutants	0.0620926810757614	0.560321870110986	0.00100331167726453
MASTL Facilitates Mitotic Progression	0.0631366570142958	0.028841653732735	0.0181777096700593
Erythropoietin activates RAS	0.0634405551413729	0.0259029224139014	0.000467038145464688
Prevention of phagosomal-lysosomal fusion	0.0640703542355806	0.0554151672264098	0.0318507521733643
APC/C:Cdc20 mediated degradation of Cyclin B	0.0653917289455295	0.0599880036799719	0.00212080421126261
Glycolysis	0.065452856749181	0.211667834848415	0.00417686284708863
Regulation of Apoptosis	0.0666921102837214	0.037790631493655	0.0279493257561078
Signaling by PDGFRA extracellular domain mutants	0.0750218539615358	0.0173696557352039	0.00230501037416499
Oncogenic MAPK signaling	0.0762324640208155	0.497796380128915	0.00071429365728956
Transferrin endocytosis and recycling	0.0763012885194669	5.23658816824979e-06	0.0839112339155232
FOXO-mediated transcription of cell cycle genes	0.0797564530890939	0.0988316685960483	0.00323627300407189
SUMOylation of DNA damage response and repair proteins	0.0802977311069061	0.114449016000542	0.0033310068284658
activated TAK1 mediates p38 MAPK activation	0.0806202627691744	0.000903025814054466	0.00010671625720342
Signaling by BRAF and RAF1 fusions	0.0814284948529611	0.499310971878449	0.000706524405264333
Activation of APC/C and APC/C:Cdc20 mediated degradation of mitotic proteins	0.0827848002019885	0.053572697039828	0.00137847576661387
Paradoxical activation of RAF signaling by kinase inactive BRAF	0.0851189191289957	0.553786861884196	0.00123722409515504
Signaling by PDGFRA transmembrane, juxtamembrane and kinase domain mutants	0.0870688284220459	0.0155486872976635	0.00525827889959057
Regulation of RUNX2 expression and activity	0.0890641874226212	0.0436153788733496	0.000849465545352195
Defective HDR through Homologous Recombination Repair (HRR) due to PALB2 loss of BRCA2/RAD51/RAD51C binding function	0.0902671026481952	0.524327313812075	6.00060453215631e-05
Signaling by moderate kinase activity BRAF mutants	0.0937375957663789	0.592256103265598	0.000545525382329984
Resolution of D-loop Structures through Synthesis-Dependent Strand Annealing (SDSA)	0.0950674756283344	0.355633386039893	6.71259409384961e-05
Regulation of TP53 Activity through Phosphorylation	0.103890764042827	0.0213814068061936	0.000587971753743909
Activation of PUMA and translocation to mitochondria	0.104631327611886	0.54274669402518	0.000250140923141117
Josephin domain DUBs	0.105711037368947	0.0416441005810633	0.0315842339945787
VEGFR2 mediated vascular permeability	0.108155957016734	0.00045203382080037	0.00452131157069322
Negative regulation of MET activity	0.108873237265819	0.0157474785407734	0.000786590860061098
Extension of Telomeres	0.125845961967844	0.134214568033854	0.00494423979155898
Estrogen-dependent nuclear events downstream of ESR-membrane signaling	0.126703808765265	0.284831764557162	0.00673077922138206
Signaling downstream of RAS mutants	0.126726278155735	0.535159856115657	0.0016328606970831
Signal transduction by L1	0.128349493630027	0.000529813071208048	0.00358406585035937
Semaphorin interactions	0.128794783401891	0.0598930091502119	0.0246132692199947
Regulation of HSF1-mediated heat shock response	0.134304877456016	0.25512651743547	0.013350535253058
Signaling by RAS mutants	0.135137497449262	0.472418522599383	0.000776520214060532
Resolution of D-loop Structures through Holliday Junction Intermediates	0.136325195420336	0.502994578013134	0.000190625609065577
Opioid Signalling	0.138244008405042	0.0400982763771434	7.08143025888165e-06
The role of Nef in HIV-1 replication and disease pathogenesis	0.138426013786642	0.00321094746628252	0.000227950568378253
Vpu mediated degradation of CD4	0.146172120135547	0.358454392317259	0.0211944963241818
PI5P Regulates TP53 Acetylation	0.158937562908967	0.64016032479432	0.366210623076855
TNFR1-induced NFkappaB signaling pathway	0.170607547955302	0.0020401007093717	3.3111958750658e-06
Signaling by BRAF and RAF fusions	0.175509218075621	0.512468172585786	0.000946692689548026
E2F mediated regulation of DNA replication	0.18254910055768	0.121281998424321	0.0197402860544119
Loss of Function of SMAD4 in Cancer	0.187112854755058	0.184334236498179	0.0314711368756868
SMAD4 MH2 Domain Mutants in Cancer	0.188236541219686	0.188192695690163	0.115357436286532
Erythropoietin activates Phospholipase C gamma (PLCG)	0.194810196628182	0.129238847256485	0.000304610328678052
CRMPs in Sema3A signaling	0.195613630107959	0.236747540168175	0.0738521276936085
Amplification of signal from the kinetochores	0.197619020909108	0.00310855562427449	0.00015242574814611
Glucose metabolism	0.205528230897442	0.0506300456291479	0.00444312669695886
MTOR signalling	0.232795897417654	0.039191803676793	0.00425869264518697
Cyclin A/B1/B2 associated events during G2/M transition	0.242926944595766	0.0340998087175634	0.00279707182434771
IKBKB deficiency causes SCID	0.253059350703398	0.00705210492180271	0.00316506949760807
Transcriptional Regulation by VENTX	0.258097054423455	0.0157323025124293	0.0103715469747378
IKBKG deficiency causes anhidrotic ectodermal dysplasia with immunodeficiency (EDA-ID) (via TLR)	0.262744355322887	0.00290672016910655	0.000179244364851806
Signaling by TGF-beta Receptor Complex in Cancer	0.275752310171661	0.0244541372078444	0.00533751331233663
Constitutive Signaling by AKT1 E17K in Cancer	0.278805145014282	0.00409557341297925	0.000852937194230991
TP53 Regulates Metabolic Genes	0.280349937375	0.025996931093046	0.0100683326703276
Integrin cell surface interactions	0.282137402160766	0.0223565830961684	3.00278007750028e-06
Cytosolic sensors of pathogen-associated DNA	0.287624793900725	0.016623369295849	5.77577593229212e-05
Defective B3GAT3 causes JDSSDHD	0.290326319579088	0.0157936580729371	0.00572082819451527
KSRP (KHSRP) binds and destabilizes mRNA	0.299110529122153	0.405790063934712	0.0676573860728768
NF-kB activation through FADD/RIP-1 pathway mediated by caspase-8 and -10	0.306685241172837	0.000344888896975206	5.74891159608105e-05
HSF1-dependent transactivation	0.308109176386624	0.0657103751105957	0.0116403609296255
SUMOylation of immune response proteins	0.323177551645503	0.29693841684889	0.00569176809035023
Diseases associated with the TLR signaling cascade	0.333372445278418	0.0544983246112699	9.69852413989164e-06
Defective B4GALT7 causes EDS, progeroid type	0.352532094923645	0.12719898303163	0.0146686142733278
Gastrin-CREB signalling pathway via PKC and MAPK	0.352930476833619	0.346621138996209	0.00643072713185454
Defective B3GALT6 causes EDSP2 and SEMDJL1	0.37538800666231	0.0332081506377492	0.0112379026148559
Signaling by NOTCH1 HD+PEST Domain Mutants in Cancer	0.390114420820311	0.48810016642866	0.00134162543237682
Constitutive Signaling by EGFRvIII	0.390147188165475	0.00496206763094878	0.000922277516994016
Ovarian tumor domain proteases	0.39402804168286	0.170929536960805	0.00174438484481483
Signal attenuation	0.40040421410748	0.00329367076383041	0.0032652538897096
IRAK4 deficiency (TLR2/4)	0.405172062344597	0.444511920503183	1.50310995048627e-05
Signaling by EGFRvIII in Cancer	0.40930939999154	0.0079118595584276	0.00121337701440272
Energy dependent regulation of mTOR by LKB1-AMPK	0.411251027419386	0.298557872387818	0.00242248453296426
Constitutive Signaling by NOTCH1 PEST Domain Mutants	0.424182189437971	0.427928163354252	0.00105320489368095
Loss of Function of TGFBR1 in Cancer	0.424851516875513	0.115453929690624	0.0187530747078237
Signaling by NOTCH1	0.434042293354142	0.428377010871733	0.000168840812790467
MyD88 deficiency (TLR2/4)	0.435783358387387	0.411622778943561	1.33567385258361e-05
Signaling by NOTCH4	0.43774345665764	0.116842843825355	0.00795698239441385
RHOH GTPase cycle	0.438129705499563	0.0350914321248626	0.0255971325019773
Constitutive Signaling by NOTCH1 HD+PEST Domain Mutants	0.439979307202023	0.506696327557713	0.00185132778416584
Degradation of AXIN	0.456802588395706	0.451049611605177	0.00545798703064901
Rap1 signalling	0.472294592613974	0.734359449363786	0.00613586661883821
Apoptotic cleavage of cellular proteins	0.473170756523024	0.100284038345682	0.00768988347379993
HDR through Single Strand Annealing (SSA)	0.474651391473669	0.618576208764774	0.000293899611942498
Butyrate Response Factor 1 (BRF1) binds and destabilizes mRNA	0.478571622864256	0.722793185692129	0.702095367151566
NOTCH1 Intracellular Domain Regulates Transcription	0.480796804164639	0.441664438636567	0.000612787732243269
Signaling by NOTCH1 in Cancer	0.488580408924224	0.434338546394535	0.000837210736946109
Signaling by ERBB4	0.491708004352466	0.0159648842321469	7.02076832749121e-05
Signaling by NOTCH1 PEST Domain Mutants in Cancer	0.495187363162221	0.502281455336714	0.000182013915520406
Signaling by NOTCH3	0.497044732293889	0.421515024834712	0.00641786374594885
Negative regulation of NOTCH4 signaling	0.50007039793798	0.224888041484027	0.0082714513482553
CD28 dependent PI3K/Akt signaling	0.50350673904944	0.00258211906348859	0.000926416790242469
Regulation of PTEN gene transcription	0.511629689421342	0.340171245922537	0.00598539896628675
FOXO-mediated transcription of cell death genes	0.513435372668997	0.527700432060868	0.0105042415840404
Loss of Function of SMAD2/3 in Cancer	0.542775905111886	0.609560406486304	0.00908339306763483
Chaperonin-mediated protein folding	0.544166554974033	0.442777677162055	0.0147382729025065
Scavenging by Class A Receptors	0.545128031668746	0.435092937909668	0.0436902142454296
G-protein beta:gamma signalling	0.546362472499573	0.195998202781395	0.00111998419799717
FBXW7 Mutants and NOTCH1 in Cancer	0.561950878498504	0.597612272960852	0.00847984430134664
Activation of the AP-1 family of transcription factors	0.568516999108741	0.693713598721266	0.0031199797627638
RUNX3 regulates p14-ARF	0.582060620507309	0.599713356396553	0.0245659679401342
Loss of Function of FBXW7 in Cancer and NOTCH1 Signaling	0.583535169965645	0.540222753220758	0.00146406907804309
G beta:gamma signalling through PI3Kgamma	0.584010505139247	0.406799970384728	0.00240892603676383
LRR FLII-interacting protein 1 (LRRFIP1) activates type I IFN production	0.587029499358774	0.678003187140736	0.0195516000790977
Association of TriC/CCT with target proteins during biosynthesis	0.588318866994428	0.525341693123184	0.037307074291759
AMPK inhibits chREBP transcriptional activation activity	0.591299073907244	0.600249242622308	0.0219996101085187
TGFBR1 LBD Mutants in Cancer	0.59558838251936	0.182746425387366	0.548055086490437
Mitophagy	0.599202641478623	0.610412163669859	0.0047269906074111
TP53 Regulates Transcription of Genes Involved in G2 Cell Cycle Arrest	0.603453274862306	0.714233732119171	0.00457030280933211
Regulation of FOXO transcriptional activity by acetylation	0.605861477564771	0.593673793908404	0.00352040327852442
Protein folding	0.607355945401841	0.505021579792974	0.0192665852207939
NGF-stimulated transcription	0.613781734871643	0.625326082323039	0.0490363052064211
RHO GTPases Activate NADPH Oxidases	0.615768311077158	0.39088970719742	0.0305561633481049
Nef-mediates down modulation of cell surface receptors by recruiting them to clathrin adapters	0.618148486873383	0.444445355643355	0.00157416540278306
SUMOylation of transcription cofactors	0.622307833659986	0.649373997841787	0.00594887708385062
Hedgehog 'on' state	0.625282845248027	0.667889161020344	0.00227957679101417
Transcriptional regulation of white adipocyte differentiation	0.625301696026752	0.483952799412602	0.0145668961964381
Translocation of SLC2A4 (GLUT4) to the plasma membrane	0.625440204602765	0.100570160628197	0.00884293731683548
Regulation of insulin secretion	0.628367085925477	0.632446809973057	0.000449805181247988
Receptor Mediated Mitophagy	0.628804526989351	0.603537304841908	0.0155981047723791
TGFBR1 KD Mutants in Cancer	0.629179829405532	0.667766731143592	0.04627397024112
RUNX3 regulates NOTCH signaling	0.630696301535837	0.577039391864036	0.00918237987794899
Post NMDA receptor activation events	0.631282822013383	0.650654053397346	0.00075592146546099
Free fatty acids regulate insulin secretion	0.633221750634516	0.609269884955988	0.345212771725912
AKT phosphorylates targets in the cytosol	0.633580841365939	0.00627363492872948	0.000994644738509772
Apoptotic factor-mediated response	0.636898031712806	0.63723835393216	0.000376093643527409
Activation of PPARGC1A (PGC-1alpha) by phosphorylation	0.639039854618275	0.652586322508482	0.511434713037661
Activation of the TFAP2 (AP-2) family of transcription factors	0.639919471007096	0.581064880572272	0.126946590234897
Defective CHSY1 causes TPBS	0.640831492075947	0.623384608576993	0.611241799926842
Intracellular metabolism of fatty acids regulates insulin secretion	0.641199243376058	0.627685105845696	0.645302010503535
Proton-coupled monocarboxylate transport	0.643110065690396	0.667800597500515	0.646879618774834
DAP12 signaling	0.643368395263514	0.000819282312571542	1.42447966159716e-05
Cross-presentation of particulate exogenous antigens (phagosomes)	0.646305472264589	0.662065823244657	0.534775826997043
SMAD2/3 Phosphorylation Motif Mutants in Cancer	0.646655063585213	0.663339156828787	0.133432688223548
Common Pathway of Fibrin Clot Formation	0.647702447533298	0.00932539268590028	0.000398340815651913
Signaling by ERBB2 TMD/JMD mutants	0.648790501463072	0.274084384814577	0.00165016804006236
Pyruvate metabolism and Citric Acid (TCA) cycle	0.650845121583792	0.661674672742209	0.47092303537654
Activation of AMPK downstream of NMDARs	0.651032733360682	0.647259414468434	0.12776331059673
mTORC1-mediated signalling	0.652658672977729	0.233291584498978	0.00123296021933285
Chylomicron clearance	0.652787232079133	0.661588770384279	0.643526915644775
Activation of NMDA receptors and postsynaptic events	0.653057669905547	0.653007835382915	0.00144677466913472
Chylomicron assembly	0.653634771868729	0.628642484575711	0.662490124227043
Nef mediated downregulation of MHC class I complex cell surface expression	0.654221190474824	0.679348044660279	0.0257043079706234
Plasma lipoprotein assembly	0.656780388425492	0.645509878480198	0.0900233755943631
Signal regulatory protein family interactions	0.659280039159163	0.635344154002134	0.00346625331057417
Signaling by ERBB2 in Cancer	0.661209208312052	0.0313286297983729	0.00149116896003538
VLDL assembly	0.663077947398161	0.616670229485831	0.654490572844999
LDL remodeling	0.663118078189557	0.653594947226384	0.637974327232533
Lipophagy	0.667884149266335	0.658305899245441	0.24717268870956
Chylomicron remodeling	0.668902140626534	0.641697623056041	0.651284007747968
Signaling by ERBB2 KD Mutants	0.669585141522738	0.0147451961947817	0.000781642250671936
Pyruvate metabolism	0.670335673024162	0.666271487028399	0.427041151626068
Calcineurin activates NFAT	0.670385252570538	0.664552724921962	0.485623086311363
Signaling by ERBB2 ECD mutants	0.674605370682969	0.0107810997244753	0.00187355782150917
Formation of Fibrin Clot (Clotting Cascade)	0.67521689794708	0.000925171760154209	0.00214907451007504
TLR3-mediated TICAM1-dependent programmed cell death	0.675302743771658	0.683003753838835	7.09926584858938e-06
Evasion of Oncogene Induced Senescence Due to p16INK4A Defects	0.678165233685961	0.664977073649251	0.353911256896092
ALK mutants bind TKIs	0.684737625889544	0.699112920425177	0.645670020712464
Diseases of Cellular Senescence	0.685380024716153	0.688818324035478	0.252903422007118
Evasion of Oxidative Stress Induced Senescence Due to p16INK4A Defects	0.688458818745599	0.688787525282825	0.362313032800862
Evasion of Oxidative Stress Induced Senescence Due to Defective p16INK4A binding to CDK4 and CDK6	0.694593332874489	0.690549058249888	0.243977690768107
Transcriptional regulation by the AP-2 (TFAP2) family of transcription factors	0.696567386866127	0.681421263636252	0.0085337303474321
Export of Viral Ribonucleoproteins from Nucleus	0.699604919571895	0.714660031003064	0.719554824897638
NCAM signaling for neurite out-growth	0.700887772924408	0.633893646199209	0.00245480320509084
Evasion of Oncogene Induced Senescence Due to Defective p16INK4A binding to CDK4 and CDK6	0.701589064924544	0.672999989146272	0.326973252885561
TFAP2 (AP-2) family regulates transcription of growth factors and their receptors	0.704354332213876	0.700093432750189	0.0619892761781726
Sensing of DNA Double Strand Breaks	0.705792736285282	0.699379451951573	0.00144835221374424
Amino acids regulate mTORC1	0.705954527223198	0.718290907051477	0.73839547276417
Constitutive Signaling by Overexpressed ERBB2	0.706102157793601	0.266549553902366	0.0120426415173227
Signalling to STAT3	0.707664762362973	0.731245034941057	0.716112504545361
Defective EXT1 causes exostoses 1, TRPS2 and CHDS	0.710144971699612	0.718939758872054	0.0374396342569401
Transcriptional Regulation by MECP2	0.712775342168333	0.731186243439355	0.0722271797233456
RUNX2 regulates osteoblast differentiation	0.715913221783924	0.710922872356799	0.00540685492691009
BH3-only proteins associate with and inactivate anti-apoptotic BCL-2 members	0.716425986657113	0.716113650864326	0.00646518381318017
Signaling by Insulin receptor	0.716794696055734	0.00415582982779306	0.00015890391495289
CD28 dependent Vav1 pathway	0.716997361294984	0.323992670379219	0.000914160344120831
SUMOylation of ubiquitinylation proteins	0.717106465428409	0.709393953456212	0.530229478337771
RUNX2 regulates bone development	0.717382689791292	0.710944749350573	0.00468433031703324
Sema3A PAK dependent Axon repulsion	0.717758634702076	0.490075605040945	0.061724698059527
Loss of Function of TGFBR2 in Cancer	0.71797662241802	0.725343298809858	0.72499905064041
IRF3 mediated activation of type 1 IFN	0.718165566141944	0.713987842507559	0.44937677164928
Nuclear signaling by ERBB4	0.718586530606661	0.729929759769274	0.00314330987418039
NOSTRIN mediated eNOS trafficking	0.720256758448122	0.724509599103442	0.720778729905971
Suppression of apoptosis	0.723143257649674	0.752120671260416	0.0739813561812126
RUNX2 regulates genes involved in cell migration	0.725686908605594	0.291432096717495	0.272990529272853
Telomere C-strand (Lagging Strand) Synthesis	0.727633362916907	0.728572155095967	0.000259510995280825
NOTCH4 Activation and Transmission of Signal to the Nucleus	0.727694216585623	0.718094831886241	0.727964900238238
RUNX1 regulates transcription of genes involved in WNT signaling	0.727806753204947	0.691677847595053	0.0500797612970149
TGFBR2 Kinase Domain Mutants in Cancer	0.728580432175379	0.756851434319794	0.720931896123395
Formation of tubulin folding intermediates by CCT/TriC	0.728750884403203	0.722865430694179	0.739641310144596
Influenza Virus Induced Apoptosis	0.728788982363623	0.711672450067399	0.714542525331578
Nef and signal transduction	0.729049173178422	0.611642383678432	0.00328314357570417
Activation of SMO	0.729351694913874	0.714813083383237	0.0349345340349622
Insulin receptor signalling cascade	0.729870894324804	0.00443386116475442	6.63749149523487e-05
SHOC2 M1731 mutant abolishes MRAS complex function	0.730469546633821	0.736923044816995	0.207065147903695
Downstream signaling of activated FGFR4	0.731020672841996	0.126449377978329	0.00159208822172164
MET activates PTK2 signaling	0.731454558832136	0.579873938849872	0.00222540439861564
Nef Mediated CD4 Down-regulation	0.733296964909484	0.832782988986672	0.0030746662098863
MET promotes cell motility	0.73330078712886	0.348022596766731	0.00223771543321996
Signaling by Hippo	0.733524299162977	0.740894944191944	0.642048877549709
Prefoldin mediated transfer of substrate  to CCT/TriC	0.733907303038763	0.723657592962816	0.73162635684464
RHO GTPases Activate ROCKs	0.734158083035312	0.746347407547206	0.754479925159321
Transcriptional Regulation by E2F6	0.73442241736864	0.730062734843439	0.0364054732748514
RHO GTPases Activate Rhotekin and Rhophilins	0.734426010700012	0.743242401426607	0.748931008513294
Defective binding of RB1 mutants to E2F1,(E2F2, E2F3)	0.734755319596682	0.75847629684947	4.20425008383079e-05
SUMOylation of intracellular receptors	0.734833204223167	0.759535182148426	0.00577079966048467
Aberrant regulation of mitotic G1/S transition in cancer due to RB1 defects	0.735164139139951	0.752255896943101	0.000113187020934637
Activated NTRK2 signals through FYN	0.735522381089226	0.733907487233325	0.364235069245657
PI-3K cascade:FGFR3	0.735792215906925	0.122950134519522	0.0041696190871368
AKT-mediated inactivation of FOXO1A	0.735908866592995	0.327430151550799	0.0923071948630884
ARMS-mediated activation	0.735932879823208	0.739254753093036	0.00540875007976611
RNA polymerase II transcribes snRNA genes	0.735998192848839	0.724637338414394	3.51508840880766e-06
Resolution of AP sites via the multiple-nucleotide patch replacement pathway	0.736134989014424	0.728808059090936	0.00559979454540604
GP1b-IX-V activation signalling	0.736311775439882	0.69228886047493	0.0428428270978407
PTK6 Activates STAT3	0.736945663462123	0.728153897716043	0.225973867134387
RHO GTPases activate CIT	0.736958967396077	0.376447771775192	0.386717790872925
Laminin interactions	0.737019070264801	0.00333479535004034	8.88856675757742e-05
SEMA3A-Plexin repulsion signaling by inhibiting Integrin adhesion	0.737803858408056	0.733308790803782	0.600038498947636
MET activates PI3K/AKT signaling	0.738887760178705	0.0179504468367932	0.00467219111500231
Nephrin family interactions	0.739540738674157	0.037590949401673	0.00311203452948675
Ca-dependent events	0.740196295390512	0.652456754011687	0.000490258800818418
G0 and Early G1	0.740348461754914	0.739978235447901	0.0063893595862521
PCNA-Dependent Long Patch Base Excision Repair	0.740466218308085	0.722022351361655	0.0061155841890047
Mismatch repair (MMR) directed by MSH2:MSH6 (MutSalpha)	0.741871699907447	0.749209403572234	0.0157907302090133
ERBB2 Regulates Cell Motility	0.742167175431398	0.0504147604974017	0.0439134877352528
Recycling pathway of L1	0.743008485693629	0.253420590378869	0.00928775507302686
Killing mechanisms	0.743429581322073	0.688521198595056	0.0709010584175317
WNT5:FZD7-mediated leishmania damping	0.743532507965878	0.70330652145695	0.0578086572727633
PTK6 Regulates Cell Cycle	0.743544956408349	0.752623763336506	0.0004762761815866
Downstream signaling of activated FGFR3	0.743619088795002	0.119255831374863	0.00114209730778679
Downstream signaling of activated FGFR1	0.743777205229158	0.143494876462072	0.00217703822260719
Signaling by MAPK mutants	0.743993399288755	0.758977226872032	0.75361877244478
Aberrant regulation of mitotic cell cycle due to RB1 defects	0.744681123256048	0.749268909739717	3.5996104555293e-05
PKMTs methylate histone lysines	0.745015786518508	0.113081703265553	0.39874486618142
Removal of the Flap Intermediate from the C-strand	0.7451383127833	0.726901297178804	0.00171663724561402
RUNX1 regulates estrogen receptor mediated transcription	0.745181782964729	0.732335670658143	0.155538664951014
PTK6 promotes HIF1A stabilization	0.745247214374624	0.689585555006557	0.0306081848864022
Reelin signalling pathway	0.746023351626286	0.726287865958426	0.748214101169256
Regulation of the apoptosome activity	0.746026585691302	0.752555439362522	0.00127752829398846
Tristetraprolin (TTP, ZFP36) binds and destabilizes mRNA	0.746033153526421	0.743834957248472	0.764846283330374
Ephrin signaling	0.746832044692534	0.749134962279205	0.222288988839876
MET activates RAS signaling	0.7469793740936	0.501132180631899	0.0100705428489922
GAB1 signalosome	0.747008758616297	0.12333229222319	0.000598585608214632
CHL1 interactions	0.747042625152852	0.0694948917482625	0.28540374839789
Axonal growth inhibition (RHOA activation)	0.74708896530443	0.746156476614565	0.745073983738354
NTRK2 activates RAC1	0.747097497521034	0.732061891861993	0.739554828717174
MET activates RAP1 and RAC1	0.747396164013559	0.613492981367022	0.00424348325719591
CREB1 phosphorylation through NMDA receptor-mediated activation of RAS signaling	0.747484535040377	0.737771387436368	0.0642731618992227
Folding of actin by CCT/TriC	0.74773028598999	0.730359132252248	0.745981877352268
Purinergic signaling in leishmaniasis infection	0.747883039136813	0.0729607128402605	0.0224907342125914
Tie2 Signaling	0.747980739991393	0.138595700506112	0.00170309010314532
Cooperation of PDCL (PhLP1) and TRiC/CCT in G-protein beta folding	0.748151460016756	0.731999291089924	0.000184393886878303
PI3K Cascade	0.748825305216183	0.000931814477105852	0.000213077172099409
Negative feedback regulation of MAPK pathway	0.748852843049336	0.770554500276091	0.00111704958622254
Telomere Extension By Telomerase	0.749135773893326	0.776759900145959	0.00905236864039527
Processive synthesis on the C-strand of the telomere	0.749369796353824	0.74368860481078	0.0022219279125276
Activated NTRK2 signals through FRS2 and FRS3	0.749620784711416	0.726336985083219	0.381606559593815
IRS-related events triggered by IGF1R	0.74965191695746	0.014141122441573	0.000182412228160768
FRS-mediated FGFR2 signaling	0.749886855112299	0.724787749244087	0.30378398973438
PI-3K cascade:FGFR4	0.750401279222981	0.15624830417348	0.00611217630446633
IGF1R signaling cascade	0.750419709985468	0.00102374589619417	0.000106185651913993
FRS-mediated FGFR4 signaling	0.750736877354805	0.725295006391329	0.209474925303965
FRS-mediated FGFR1 signaling	0.750937908706955	0.724140141101922	0.19965295595107
PI-3K cascade:FGFR2	0.751297852462032	0.221038891354078	0.00537485539718286
Notch-HLH transcription pathway	0.751584471924806	0.745440799923513	0.0084088745689022
SLIT2:ROBO1 increases RHOA activity	0.751873816312366	0.763243720208259	0.793949599786235
Signaling by MAP2K mutants	0.752184026060859	0.758706403159412	0.000923563780227436
Thrombin signalling through proteinase activated receptors (PARs)	0.752263194250838	0.416392515571246	0.000292562275535866
Deregulated CDK5 triggers multiple neurodegenerative pathways in Alzheimer's disease models	0.752379529884878	0.759854767059223	0.121099261512082
Cell recruitment (pro-inflammatory response)	0.752983925586838	0.0813579079404178	0.014943399620846
Sema4D in semaphorin signaling	0.753638334985088	0.33172956581053	0.57338873243255
RHO GTPases activate KTN1	0.754173087984573	0.437365351161363	0.463945615826747
SHC-mediated cascade:FGFR4	0.754744849459038	0.0147486594104212	0.299082731628921
PLC beta mediated events	0.755175542055615	0.664913881598195	0.000360738546366743
FRS-mediated FGFR3 signaling	0.755397793005379	0.724983146999185	0.198850772336533
Neurodegenerative Diseases	0.755678398165914	0.731320598372877	0.153958611914824
Formation of apoptosome	0.755974696440647	0.746333771132435	0.00113514878594709
Cooperation of Prefoldin and TriC/CCT  in actin and tubulin folding	0.757012840864512	0.733597001899962	0.744600222539449
Sema4D mediated inhibition of cell attachment and migration	0.757815464215835	0.312711828119309	0.351061431974256
Mismatch repair (MMR) directed by MSH2:MSH3 (MutSbeta)	0.758086111688053	0.750689592599578	0.00991606928798171
Downstream signaling of activated FGFR2	0.75817862889083	0.0716689551670923	0.00219076684129142
Adherens junctions interactions	0.75822019458276	0.159516973566756	6.56364115053276e-05
Regulated proteolysis of p75NTR	0.75827291099371	0.0154453129575617	0.0290084425335794
Lysosome Vesicle Biogenesis	0.758629697800968	0.7495001122584	0.727734813722125
Initiation of Nuclear Envelope (NE) Reformation	0.759542714049432	0.760754989872894	0.0289473299975934
Anchoring of the basal body to the plasma membrane	0.75957724218942	0.792089182906871	0.404104556719796
IRS-mediated signalling	0.759599034742065	0.00700615807285857	5.93317350038755e-05
Mismatch Repair	0.761086668792598	0.718432019336674	0.0114329504183855
AURKA Activation by TPX2	0.761389469415152	0.765991369656905	0.117207615226312
Resistance of ERBB2 KD mutants to trastuzumab	0.761653900518324	0.761925518189639	0.741298223571493
G-protein mediated events	0.761939945179505	0.640373947334961	0.000301825160838617
BBSome-mediated cargo-targeting to cilium	0.762091179166074	0.727697532389802	0.744913912717793
Loss of proteins required for interphase microtubule organization from the centrosome	0.763367648689224	0.812449486055894	0.404353744634794
GRB2 events in ERBB2 signaling	0.76377883596893	0.601392678628913	0.00755196639928407
PTK6 Regulates RHO GTPases, RAS GTPase and MAP kinases	0.764026684042972	0.378457884994142	0.00715034327613233
Defective EXT2 causes exostoses 2	0.764059288785173	0.754393891168253	0.0200568644675249
Resistance of ERBB2 KD mutants to AEE788	0.764600499740622	0.764947685034607	0.764543633635245
GABA synthesis, release, reuptake and degradation	0.764818640306251	0.748920664979327	0.742649694895286
Uptake and function of diphtheria toxin	0.764912654625378	0.769069870167218	0.669678533004101
Activation of NOXA and translocation to mitochondria	0.76499067388194	0.75153802249121	0.740808357778069
Recruitment of mitotic centrosome proteins and complexes	0.765126352756907	0.795984673301985	0.451284531774619
Signaling by BMP	0.76536503324578	0.760171772617645	0.533227216545338
Centrosome maturation	0.767623052181342	0.763686492711649	0.522327521617163
Cytochrome c-mediated apoptotic response	0.76766545348173	0.753044077679134	0.000402794287317244
Drug resistance in ERBB2 TMD/JMD mutants	0.767681846573831	0.770208546967558	0.748102862467349
Signaling by FGFR3 in disease	0.76790671008716	0.61526742555584	0.00564997995632911
Phosphorylation of proteins involved in G1/S transition by active Cyclin E:Cdk2 complexes	0.768021330063617	0.744684835564901	0.00234991984380397
Resistance of ERBB2 KD mutants to osimertinib	0.768172403440381	0.768840561999667	0.738936781297924
Signaling by MRAS-complex mutants	0.768196215429347	0.843721809619286	0.145258561541288
MET interacts with TNS proteins	0.768370177774745	0.726961485916213	0.704409035633497
vRNP Assembly	0.768449054142757	0.78118722919237	0.769817853858562
Activated NTRK2 signals through RAS	0.769412504283947	0.0321673928662523	0.350072778695317
SHC-mediated cascade:FGFR2	0.769524519018244	0.0270465589516704	0.262596804005823
Cargo trafficking to the periciliary membrane	0.769679399198874	0.721396325346254	0.732438190562565
Activated NTRK2 signals through PI3K	0.769822270085732	0.630574377168824	0.00838313612256319
Recruitment of NuMA to mitotic centrosomes	0.769967652738207	0.774925759298489	0.3603507310539
Axonal growth stimulation	0.770000276497362	0.764912457738212	0.751529870382219
Resistance of ERBB2 KD mutants to afatinib	0.770479958468028	0.769499463982399	0.766314363608367
SOS-mediated signalling	0.770700427401092	0.00305672723270183	0.0147933945714151
RET signaling	0.771625245784015	0.00803091293564621	0.000139312563486638
Myogenesis	0.771908867483364	0.796701860692101	0.000228383822677442
Signalling to RAS	0.772176622579831	0.0210465538968774	0.00801395245597099
p75NTR regulates axonogenesis	0.772217902919488	0.758358588123358	0.735500922093289
Signaling by Type 1 Insulin-like Growth Factor 1 Receptor (IGF1R)	0.772871691718547	0.0015603973923033	0.000281865271576713
Sema4D induced cell migration and growth-cone collapse	0.773364125420301	0.745841602902696	0.755005349241083
RHOBTB2 GTPase cycle	0.773679530930567	0.771557896175364	0.67652483146038
Activated NTRK3 signals through RAS	0.774711577540571	0.0288345745794732	0.27940386302127
Nuclear Envelope (NE) Reassembly	0.774740483784529	0.767532354706037	0.0305673772851686
Drug-mediated inhibition of ERBB2 signaling	0.775495762110137	0.763703770706156	0.807166754494568
Polo-like kinase mediated events	0.775568378469793	0.767226514320395	0.533976009935277
RHOBTB GTPase Cycle	0.775610744835111	0.766177585902584	0.687688275990222
Netrin mediated repulsion signals	0.777225509526564	0.826405903957016	0.486686674503562
Signaling by FGFR2 in disease	0.778069553229194	0.586938129290143	0.00187329734913437
Nuclear Receptor transcription pathway	0.778813118667764	0.736956161170183	0.0132436281201961
RUNX1 regulates transcription of genes involved in differentiation of myeloid cells	0.779052655291597	0.701183883354063	0.567400064713199
Loss of Nlp from mitotic centrosomes	0.779106185559236	0.769510983810718	0.460645876207247
SHC-related events triggered by IGF1R	0.779608628158132	0.0597684246546981	0.00865931565113608
MET receptor recycling	0.78010118946042	0.612065523528861	0.0066118909983229
Signaling by FGFR3 point mutants in cancer	0.780101883727988	0.608513235577472	0.00453156892301121
Resistance of ERBB2 KD mutants to tesevatinib	0.78162433146373	0.789054492281223	0.805062904115448
Signaling by NTRK3 (TRKC)	0.78244501131644	0.333077856277144	0.00155164177562498
SHC-mediated cascade:FGFR1	0.784000224506892	0.0191500093953929	0.209871023600162
Drug resistance in ERBB2 KD mutants	0.784056263927346	0.759278754942968	0.727224412835705
PI3K/AKT activation	0.784276195958208	0.25059656821551	0.000564128393649532
Ca2+ pathway	0.785913693066789	0.80512640089644	0.0154859671484334
Resistance of ERBB2 KD mutants to neratinib	0.786901057578501	0.764423246262017	0.756899468539953
Selenocysteine synthesis	0.78726512870563	0.796935796867077	0.701870309312938
RHO GTPases activate IQGAPs	0.787372181784272	0.201918600177358	0.000556299126296994
Signaling by FGFR3 fusions in cancer	0.787619311889657	0.631096575784525	0.00640430856172709
SHC1 events in ERBB4 signaling	0.787759152565615	0.242593882130135	0.0088681496151663
Resistance of ERBB2 KD mutants to sapitinib	0.78934442793322	0.773526908452399	0.749491246294703
Apoptotic cleavage of cell adhesion  proteins	0.791976914776091	0.156573398100639	0.34702817514895
Signaling by FGFR4 in disease	0.793408774560479	0.633693931824992	0.00721719148985252
SHC-mediated cascade:FGFR3	0.793828613166203	0.223400604443808	0.287970623209444
SHC1 events in ERBB2 signaling	0.795112899728958	0.0254977552042785	0.0022115619141532
GRB2 events in EGFR signaling	0.795627056693329	0.663094952296715	0.0153340912184994
PI-3K cascade:FGFR1	0.795912050217479	0.197046680630655	0.00511063204889551
Golgi Cisternae Pericentriolar Stack Reorganization	0.796445097258738	0.737287727403635	0.059125965010378
Ribosomal scanning and start codon recognition	0.798169909188928	0.793650949882816	0.80000967560425
Formation of the ternary complex, and subsequently, the 43S complex	0.80073809240925	0.787137335036765	0.841286869588176
PI3K events in ERBB2 signaling	0.80101430657829	0.600972893584382	0.00392299818244608
Resistance of ERBB2 KD mutants to lapatinib	0.80107032444499	0.830691301900883	0.751360898881573
Activation of the mRNA upon binding of the cap-binding complex and eIFs, and subsequent binding to 43S	0.80124863195658	0.836195136131326	0.806312553971731
PIWI-interacting RNA (piRNA) biogenesis	0.801283587375266	0.763916569562237	0.120675726718819
Eukaryotic Translation Termination	0.805927878858602	0.809456519908459	0.683156233035757
Gain-of-function MRAS complexes activate RAF signaling	0.806012151685421	0.761312200464925	0.154084673017313
Translation initiation complex formation	0.808224436639275	0.821393869664274	0.81544671999225
Eukaryotic Translation Elongation	0.815678713486111	0.811576145084533	0.633590818683836
Viral mRNA Translation	0.818464800022378	0.81331997585402	0.690292785564456
Peptide chain elongation	0.826883177476502	0.827937363007103	0.663117418877653
Nonsense Mediated Decay (NMD) independent of the Exon Junction Complex (EJC)	0.832622047689409	0.834435661250162	0.678922655236412
RUNX1 interacts with co-factors whose precise effect on RUNX1 targets is not known	0.863555031384295	0.764226499161046	0.600734913205924
SHC1 events in EGFR signaling	0.879242984636023	0.0197908004664378	0.0094912698704837
Glutathione conjugation	0.879242984636023	1.03133252788654e-15	1.1382858995327e-15
Dissolution of Fibrin Clot	0.879242984636023	0.0103115041639895	0.00498398363734218
IRS activation	0.879242984636023	0.0149599269595014	0.00808506955742347
SUMOylation of DNA replication proteins	0.879242984636023	0.109613412067388	0.000224383533952195
VEGFR2 mediated cell proliferation	0.879242984636023	0.113911574966403	0.00349846286622792
Synthesis of PIPs at the plasma membrane	0.879242984636023	0.195825162165365	0.000563059432705017
Synthesis of IP3 and IP4 in the cytosol	0.879242984636023	0.207376236056834	0.0098289197267151
EGFR interacts with phospholipase C-gamma	0.879242984636023	0.252528668880724	0.114118478853603
PLCG1 events in ERBB2 signaling	0.879242984636023	0.279343582148446	0.556630088102006
RHO GTPases activate PAKs	0.879242984636023	0.399216888437191	0.736787379983363
Activation of RAC1 downstream of NMDARs	0.879242984636023	0.430072701307305	0.680859618855168
DAG and IP3 signaling	0.879242984636023	0.463400410624413	0.000246088565635043
Biosynthesis of DHA-derived SPMs	0.879242984636023	0.548182762361366	0.362599331076721
Synthesis of 15-eicosatetraenoic acid derivatives	0.879242984636023	0.559311857008009	0.604142737285225
Synthesis of 5-eicosatetraenoic acids	0.879242984636023	0.564808873152525	0.596510233385847
Biosynthesis of E-series 18(R)-resolvins	0.879242984636023	0.564913960563663	0.60361105739757
Biosynthesis of aspirin-triggered D-series resolvins	0.879242984636023	0.583957328142604	0.557624619600731
Long-term potentiation	0.879242984636023	0.588199787840045	0.41493667932242
Detoxification of Reactive Oxygen Species	0.879242984636023	0.590136683265514	0.079271694766412
Synthesis of 12-eicosatetraenoic acid derivatives	0.879242984636023	0.591096125845241	0.54346029266392
Biosynthesis of specialized proresolving mediators (SPMs)	0.879242984636023	0.591266808850363	0.369098136715499
Voltage gated Potassium channels	0.879242984636023	0.625450645902554	0.613810197300044
Activated NTRK3 signals through PI3K	0.879242984636023	0.626834928229086	0.00234467865928109
RUNX1 and FOXP3 control the development of regulatory T lymphocytes (Tregs)	0.879242984636023	0.638099965612144	0.0135552474992799
Intrinsic Pathway of Fibrin Clot Formation	0.879242984636023	0.642328379297501	0.00498115658006831
RUNX1 regulates transcription of genes involved in interleukin signaling	0.879242984636023	0.69441864430055	0.244234122433364
RUNX3 Regulates Immune Response and Cell Migration	0.879242984636023	0.694589895722307	0.429610387738905
Regulation of MECP2 expression and activity	0.879242984636023	0.708571327667439	0.502656939687552
Uptake and function of anthrax toxins	0.879242984636023	0.709252515742004	0.0296157136178691
PKA activation	0.879242984636023	0.711920227710495	0.000123228006072592
Unblocking of NMDA receptors, glutamate binding and activation	0.879242984636023	0.712017811301454	0.701699331720097
CREB1 phosphorylation through the activation of Adenylate Cyclase	0.879242984636023	0.713045893714295	8.50018951295597e-05
Negative regulation of NMDA receptor-mediated neuronal transmission	0.879242984636023	0.713475745685708	0.712748429644035
Smooth Muscle Contraction	0.879242984636023	0.714560819818148	0.171554548266992
Activation of kainate receptors upon glutamate binding	0.879242984636023	0.716790119049583	0.0121787933791164
CLEC7A (Dectin-1) induces NFAT activation	0.879242984636023	0.717727801972908	0.708394159281121
Calmodulin induced events	0.879242984636023	0.71849234818048	0.000136397237202595
Type I hemidesmosome assembly	0.879242984636023	0.718888137166394	0.00334129632309935
Pervasive developmental disorders	0.879242984636023	0.719957000281768	0.00951799390297532
PKA-mediated phosphorylation of CREB	0.879242984636023	0.720135438494648	5.93290127097055e-05
Loss of function of MECP2 in Rett syndrome	0.879242984636023	0.720500352780418	0.0194884308804889
Cam-PDE 1 activation	0.879242984636023	0.721976494555616	0.729407944971408
Phase 0 - rapid depolarisation	0.879242984636023	0.722571073341167	0.737657596569397
Disorders of Nervous System Development	0.879242984636023	0.723521487691682	0.0241765221695177
Ionotropic activity of kainate receptors	0.879242984636023	0.724406800789808	0.709564659343966
CaM pathway	0.879242984636023	0.726119417451722	5.8182028929484e-05
CaMK IV-mediated phosphorylation of CREB	0.879242984636023	0.728041958602061	0.729094087803114
Glycogen breakdown (glycogenolysis)	0.879242984636023	0.728078236142754	0.720615704971764
Ras activation upon Ca2+ influx through NMDA receptor	0.879242984636023	0.729327662014889	0.719711010283153
CREB1 phosphorylation through the activation of CaMKII/CaMKK/CaMKIV cascasde	0.879242984636023	0.730993686653713	0.781860772624478
Activation of Ca-permeable Kainate Receptor	0.879242984636023	0.731707150070566	0.71950074397719
Other semaphorin interactions	0.879242984636023	0.734793589994456	3.57481189280707e-05
PI3K events in ERBB4 signaling	0.879242984636023	0.739218543436495	0.0110867491323903
Inactivation of CDC42 and RAC1	0.879242984636023	0.739607716367852	0.788418110838875
Cell-extracellular matrix interactions	0.879242984636023	0.739760724951781	0.732466522600587
Activated NTRK2 signals through CDK5	0.879242984636023	0.741029020029633	0.761216705796725
Activated NTRK2 signals through PLCG1	0.879242984636023	0.741613868750397	0.745166685993609
Inhibition of TSC complex formation by PKB	0.879242984636023	0.742369131578318	0.672367486670925
RHOU GTPase cycle	0.879242984636023	0.746738214679213	0.372382401328327
Loss of phosphorylation of MECP2 at T308	0.879242984636023	0.748538650173423	0.100672587510648
Signaling by Overexpressed Wild-Type EGFR in Cancer	0.879242984636023	0.750852715287076	0.570740288984889
Phospholipase C-mediated cascade: FGFR1	0.879242984636023	0.751076908526403	0.743290355857019
Activated NTRK3 signals through PLCG1	0.879242984636023	0.751702456354884	0.738401088083005
ERBB2 Activates PTK6 Signaling	0.879242984636023	0.752771423139023	0.000790457510747113
PLC-gamma1 signalling	0.879242984636023	0.75569143099153	0.754164427512157
Signal amplification	0.879242984636023	0.756889316127354	0.00387533052355593
Phospholipase C-mediated cascade; FGFR2	0.879242984636023	0.758070842145026	0.766183466793577
Phospholipase C-mediated cascade; FGFR3	0.879242984636023	0.758275297046362	0.773652954481472
Inhibition of Signaling by Overexpressed EGFR	0.879242984636023	0.761468826425148	0.587070196141783
ADP signalling through P2Y purinoceptor 1	0.879242984636023	0.76196612864971	0.00569258371208537
Activation of RAC1	0.879242984636023	0.762400339552872	0.728072522616075
Role of second messengers in netrin-1 signaling	0.879242984636023	0.768648618908917	0.744675183815214
p38MAPK events	0.879242984636023	0.773351638913537	0.395540697215461
Phospholipase C-mediated cascade; FGFR4	0.879242984636023	0.774750934113812	0.796054421022033
Regulation of commissural axon pathfinding by SLIT and ROBO	0.879242984636023	0.781483835093937	0.778470890556839
Regulation of gap junction activity	0.879242984636023	0.818159291267738	0.779655261436871
Localization of the PINCH-ILK-PARVIN complex to focal adhesions	0.879242984636023	0.822328767117299	0.726089726447285
Transcription of the HIV genome	0.879242984636023	0.879242984636023	2.1532849853115e-07
RNA Polymerase II HIV Promoter Escape	0.879242984636023	0.879242984636023	2.32045118312765e-07
RNA Polymerase II Transcription Initiation And Promoter Clearance	0.879242984636023	0.879242984636023	4.26936081410785e-07
RNA Polymerase II Pre-transcription Events	0.879242984636023	0.879242984636023	1.36748829019754e-06
HIV Transcription Initiation	0.879242984636023	0.879242984636023	2.61489768963161e-06
RNA Polymerase II Transcription Initiation	0.879242984636023	0.879242984636023	2.85768374695327e-06
RNA Polymerase II Promoter Escape	0.879242984636023	0.879242984636023	3.00742578098407e-06
Formation of the Early Elongation Complex	0.879242984636023	0.879242984636023	4.29663483329462e-06
RNA Polymerase II Transcription Elongation	0.879242984636023	0.879242984636023	4.89603642299715e-06
Formation of HIV elongation complex in the absence of HIV Tat	0.879242984636023	0.879242984636023	5.37144561059994e-06
VEGF binds to VEGFR leading to receptor dimerization	0.879242984636023	0.879242984636023	6.45052051475066e-06
RNA Pol II CTD phosphorylation and interaction with CE	0.879242984636023	0.879242984636023	7.07221089058455e-06
Chemokine receptors bind chemokines	0.879242984636023	0.879242984636023	7.61794814391715e-06
RNA Polymerase II Transcription Pre-Initiation And Promoter Opening	0.879242984636023	0.879242984636023	8.25314640348952e-06
Neurophilin interactions with VEGF and VEGFR	0.879242984636023	0.879242984636023	9.95702307610466e-06
Formation of HIV-1 elongation complex containing HIV-1 Tat	0.879242984636023	0.879242984636023	1.07155292633316e-05
Formation of RNA Pol II elongation complex	0.879242984636023	0.879242984636023	1.47029963393903e-05
Tat-mediated elongation of the HIV-1 transcript	0.879242984636023	0.879242984636023	1.50694004173419e-05
Vasopressin regulates renal water homeostasis via Aquaporins	0.879242984636023	0.879242984636023	1.87677820727382e-05
PKA activation in glucagon signalling	0.879242984636023	0.879242984636023	1.93044440559062e-05
RNA Pol II CTD phosphorylation and interaction with CE during HIV infection	0.879242984636023	0.879242984636023	2.23766892542149e-05
CASP8 activity is inhibited	0.879242984636023	0.879242984636023	2.57950620918177e-05
Activation of caspases through apoptosome-mediated cleavage	0.879242984636023	0.879242984636023	2.59496250837972e-05
VEGF ligand-receptor interactions	0.879242984636023	0.879242984636023	3.76784578574581e-05
mRNA Capping	0.879242984636023	0.879242984636023	4.36773113003866e-05
HIV Transcription Elongation	0.879242984636023	0.879242984636023	4.39278107006141e-05
FGFR2 mutant receptor activation	0.879242984636023	0.879242984636023	4.61503687363344e-05
Dimerization of procaspase-8	0.879242984636023	0.879242984636023	4.70842902417262e-05
Abortive elongation of HIV-1 transcript in the absence of Tat	0.879242984636023	0.879242984636023	5.36015950067125e-05
FasL/ CD95L signaling	0.879242984636023	0.879242984636023	5.98237731139804e-05
G alpha (z) signalling events	0.879242984636023	0.879242984636023	7.14634481463138e-05
Regulation by c-FLIP	0.879242984636023	0.879242984636023	7.25321420033565e-05
Formation of the HIV-1 Early Elongation Complex	0.879242984636023	0.879242984636023	7.70701392416112e-05
Glucagon-like Peptide-1 (GLP1) regulates insulin secretion	0.879242984636023	0.879242984636023	8.37636693801679e-05
Negative regulation of TCF-dependent signaling by WNT ligand antagonists	0.879242984636023	0.879242984636023	8.99254090174934e-05
Glucagon signaling in metabolic regulation	0.879242984636023	0.879242984636023	9.06122358243828e-05
Signaling by FGFR2 IIIa TM	0.879242984636023	0.879242984636023	0.000104974054466543
TRAIL  signaling	0.879242984636023	0.879242984636023	0.0001084488201487
RNA Polymerase I Transcription Termination	0.879242984636023	0.879242984636023	0.000114759819546726
TNFR1-induced proapoptotic signaling	0.879242984636023	0.879242984636023	0.00011755075335057
mRNA Splicing - Minor Pathway	0.879242984636023	0.879242984636023	0.000121522974995221
MicroRNA (miRNA) biogenesis	0.879242984636023	0.879242984636023	0.000126792248284195
FGFR2 alternative splicing	0.879242984636023	0.879242984636023	0.000156552995108942
Prostacyclin signalling through prostacyclin receptor	0.879242984636023	0.879242984636023	0.000167633142350239
SMAC, XIAP-regulated apoptotic response	0.879242984636023	0.879242984636023	0.000171024221714538
SMAC (DIABLO) binds to IAPs	0.879242984636023	0.879242984636023	0.000187818013812457
G-protein activation	0.879242984636023	0.879242984636023	0.000208949376363049
Viral Messenger RNA Synthesis	0.879242984636023	0.879242984636023	0.000215506879833399
Trafficking and processing of endosomal TLR	0.879242984636023	0.879242984636023	0.000245993900961703
Nuclear Pore Complex (NPC) Disassembly	0.879242984636023	0.879242984636023	0.000338400312144407
Signaling by RNF43 mutants	0.879242984636023	0.879242984636023	0.000356075321833533
Thromboxane signalling through TP receptor	0.879242984636023	0.879242984636023	0.000384299097092863
Binding and entry of HIV virion	0.879242984636023	0.879242984636023	0.000422077341616918
TNFR1-mediated ceramide production	0.879242984636023	0.879242984636023	0.000479397285116237
Phosphorylation of the APC/C	0.879242984636023	0.879242984636023	0.000532594637115563
Cohesin Loading onto Chromatin	0.879242984636023	0.879242984636023	0.000534645633748715
SMAC(DIABLO)-mediated dissociation of IAP:caspase complexes	0.879242984636023	0.879242984636023	0.000582386913436994
RNA Polymerase III Transcription Termination	0.879242984636023	0.879242984636023	0.000626650372738881
Establishment of Sister Chromatid Cohesion	0.879242984636023	0.879242984636023	0.000646364407942157
RNA Polymerase III Transcription Initiation From Type 1 Promoter	0.879242984636023	0.879242984636023	0.000652294845969357
Mitotic Telophase/Cytokinesis	0.879242984636023	0.879242984636023	0.000686612920360175
Class B/2 (Secretin family receptors)	0.879242984636023	0.879242984636023	0.000735528985708671
GABA receptor activation	0.879242984636023	0.879242984636023	0.000870122609041915
Glucagon-type ligand receptors	0.879242984636023	0.879242984636023	0.000880730448926892
Adrenaline,noradrenaline inhibits insulin secretion	0.879242984636023	0.879242984636023	0.000884472506908514
ADP signalling through P2Y purinoceptor 12	0.879242984636023	0.879242984636023	0.000912442216370668
WNT5A-dependent internalization of FZD4	0.879242984636023	0.879242984636023	0.000923094702480025
Activation of NIMA Kinases NEK9, NEK6, NEK7	0.879242984636023	0.879242984636023	0.0010734353025432
WNT mediated activation of DVL	0.879242984636023	0.879242984636023	0.00108882650695415
Defective RIPK1-mediated regulated necrosis	0.879242984636023	0.879242984636023	0.00114973003473474
HDR through MMEJ (alt-NHEJ)	0.879242984636023	0.879242984636023	0.00115972724544208
RNA Polymerase I Transcription Initiation	0.879242984636023	0.879242984636023	0.0011962575030753
G beta:gamma signalling through BTK	0.879242984636023	0.879242984636023	0.00122400506321117
GABA B receptor activation	0.879242984636023	0.879242984636023	0.00159429118229033
RNA Polymerase III Transcription Initiation From Type 2 Promoter	0.879242984636023	0.879242984636023	0.00160768169099698
Activation of GABAB receptors	0.879242984636023	0.879242984636023	0.00169443569320347
E2F-enabled inhibition of pre-replication complex formation	0.879242984636023	0.879242984636023	0.00170925274327378
Inactivation of APC/C via direct inhibition of the APC/C complex	0.879242984636023	0.879242984636023	0.0017211630128812
Inhibition of the proteolytic activity of APC/C required for the onset of anaphase by mitotic spindle checkpoint components	0.879242984636023	0.879242984636023	0.00184653272371365
Negative regulation of TCF-dependent signaling by DVL-interacting proteins	0.879242984636023	0.879242984636023	0.00189206141603711
ATF6 (ATF6-alpha) activates chaperone genes	0.879242984636023	0.879242984636023	0.00197467968235713
G beta:gamma signalling through CDC42	0.879242984636023	0.879242984636023	0.00306850343129103
RNA Polymerase III Chain Elongation	0.879242984636023	0.879242984636023	0.00406878705361278
Ligand-receptor interactions	0.879242984636023	0.879242984636023	0.00540018573980391
Caspase-mediated cleavage of cytoskeletal proteins	0.879242984636023	0.879242984636023	0.00620294886231278
Conversion from APC/C:Cdc20 to APC/C:Cdh1 in late anaphase	0.879242984636023	0.879242984636023	0.00726150632558465
Inwardly rectifying K+ channels	0.879242984636023	0.879242984636023	0.00755980141219483
ROBO receptors bind AKAP5	0.879242984636023	0.879242984636023	0.00794734202888305
Transport of gamma-carboxylated protein precursors from the endoplasmic reticulum to the Golgi apparatus	0.879242984636023	0.879242984636023	0.00984826108494739
Caspase activation via Dependence Receptors in the absence of ligand	0.879242984636023	0.879242984636023	0.010659697257243
Repression of WNT target genes	0.879242984636023	0.879242984636023	0.0108782383719817
Activation of C3 and C5	0.879242984636023	0.879242984636023	0.0118384754706307
G protein gated Potassium channels	0.879242984636023	0.879242984636023	0.0124850948579091
WNT5A-dependent internalization of FZD2, FZD5 and ROR2	0.879242984636023	0.879242984636023	0.0135298801796632
Aberrant regulation of mitotic exit in cancer due to RB1 defects	0.879242984636023	0.879242984636023	0.0142351248182223
Activation of G protein gated Potassium channels	0.879242984636023	0.879242984636023	0.0162023340760593
Nuclear Envelope Breakdown	0.879242984636023	0.879242984636023	0.0169041576258933
RNA Polymerase III Transcription Initiation From Type 3 Promoter	0.879242984636023	0.879242984636023	0.0194487221603032
Retrograde neurotrophin signalling	0.879242984636023	0.879242984636023	0.0196990210035983
RNA Polymerase III Transcription	0.879242984636023	0.879242984636023	0.0205013766973206
G beta:gamma signalling through PLC beta	0.879242984636023	0.879242984636023	0.0206345548501752
RNA Polymerase III Transcription Initiation	0.879242984636023	0.879242984636023	0.0208687645992729
RNA Polymerase III Abortive And Retractive Initiation	0.879242984636023	0.879242984636023	0.0213853039295848
Inhibition  of voltage gated Ca2+ channels via Gbeta/gamma subunits	0.879242984636023	0.879242984636023	0.0259443132526699
Presynaptic function of Kainate receptors	0.879242984636023	0.879242984636023	0.0273454053843874
G1/S-Specific Transcription	0.879242984636023	0.879242984636023	0.0292348810289117
VLDLR internalisation and degradation	0.879242984636023	0.879242984636023	0.0352991993405664
Polymerase switching on the C-strand of the telomere	0.879242984636023	0.879242984636023	0.0498933710050623
Fatty Acids bound to GPR40 (FFAR1) regulate insulin secretion	0.879242984636023	0.879242984636023	0.0539698302690736
PKA-mediated phosphorylation of key metabolic factors	0.879242984636023	0.879242984636023	0.0547765805826404
Depolymerisation of the Nuclear Lamina	0.879242984636023	0.879242984636023	0.0781037405323889
SUMOylation of chromatin organization proteins	0.879242984636023	0.879242984636023	0.0858561306319607
Trafficking of GluR2-containing AMPA receptors	0.879242984636023	0.879242984636023	0.103384854104283
Aryl hydrocarbon receptor signalling	0.879242984636023	0.879242984636023	0.10766127366079
RUNX1 regulates transcription of genes involved in BCR signaling	0.879242984636023	0.879242984636023	0.109411440051461
Nef Mediated CD8 Down-regulation	0.879242984636023	0.879242984636023	0.113784176483949
Transcription of E2F targets under negative control by DREAM complex	0.879242984636023	0.879242984636023	0.137285607727741
ATF4 activates genes in response to endoplasmic reticulum  stress	0.879242984636023	0.879242984636023	0.140534319490036
WNT ligand biogenesis and trafficking	0.879242984636023	0.879242984636023	0.160316884855977
PERK regulates gene expression	0.879242984636023	0.879242984636023	0.170018073603535
Synthesis of PIPs at the late endosome membrane	0.879242984636023	0.879242984636023	0.179636462867953
The NLRP1 inflammasome	0.879242984636023	0.879242984636023	0.196690069327808
YAP1- and WWTR1 (TAZ)-stimulated gene expression	0.879242984636023	0.879242984636023	0.242978277818461
Synthesis of PIPs at the early endosome membrane	0.879242984636023	0.879242984636023	0.287123625019346
p75NTR negatively regulates cell cycle via SC1	0.879242984636023	0.879242984636023	0.29894313640305
RUNX1 regulates transcription of genes involved in differentiation of keratinocytes	0.879242984636023	0.879242984636023	0.317829677155606
RHOBTB3 ATPase cycle	0.879242984636023	0.879242984636023	0.324834096769854
SARS-CoV-1 Genome Replication and Transcription	0.879242984636023	0.879242984636023	0.36631048437225
Replication of the SARS-CoV-2 genome	0.879242984636023	0.879242984636023	0.381358115067997
SARS-CoV-2 Genome Replication and Transcription	0.879242984636023	0.879242984636023	0.397665130535939
Translation of Replicase and Assembly of the Replication Transcription Complex	0.879242984636023	0.879242984636023	0.406334139544813
Transcription of E2F targets under negative control by p107 (RBL1) and p130 (RBL2) in complex with HDAC1	0.879242984636023	0.879242984636023	0.409940536436495
MECP2 regulates transcription of neuronal ligands	0.879242984636023	0.879242984636023	0.431722198028215
Trafficking of AMPA receptors	0.879242984636023	0.879242984636023	0.474488912995702
Replication of the SARS-CoV-1 genome	0.879242984636023	0.879242984636023	0.488122118124668
Activation of the phototransduction cascade	0.879242984636023	0.879242984636023	0.497345093688744
Glutamate binding, activation of AMPA receptors and synaptic plasticity	0.879242984636023	0.879242984636023	0.54328834878801
Loss of MECP2 binding ability to 5mC-DNA	0.879242984636023	0.879242984636023	0.569906150202747
NrCAM interactions	0.879242984636023	0.879242984636023	0.59007609661236
RUNX3 regulates RUNX1-mediated transcription	0.879242984636023	0.879242984636023	0.590159972806245
Protein-protein interactions at synapses	0.879242984636023	0.879242984636023	0.616653996654834
Neurexins and neuroligins	0.879242984636023	0.879242984636023	0.645130917958056
Formation of annular gap junctions	0.879242984636023	0.879242984636023	0.657885039157415
Telomere C-strand synthesis initiation	0.879242984636023	0.879242984636023	0.665670011876006
GLI proteins bind promoters of Hh responsive genes to promote transcription	0.879242984636023	0.879242984636023	0.667302804345675
NADE modulates death signalling	0.879242984636023	0.879242984636023	0.670536255906336
Gap junction degradation	0.879242984636023	0.879242984636023	0.671321125187483
Response of EIF2AK1 (HRI) to heme deficiency	0.879242984636023	0.879242984636023	0.672908145259179
PTK6 Regulates Proteins Involved in RNA Processing	0.879242984636023	0.879242984636023	0.676776206196121
Virus Assembly and Release	0.879242984636023	0.879242984636023	0.677146480637555
Terminal pathway of complement	0.879242984636023	0.879242984636023	0.685396842781813
NTRK3 as a dependence receptor	0.879242984636023	0.879242984636023	0.686728228383229
TFAP2A acts as a transcriptional repressor during retinoic acid induced cell differentiation	0.879242984636023	0.879242984636023	0.692220540431022
Regulation of pyruvate dehydrogenase (PDH) complex	0.879242984636023	0.879242984636023	0.696287329954896
RHOBTB1 GTPase cycle	0.879242984636023	0.879242984636023	0.69652198878495
Metabolism of non-coding RNA	0.879242984636023	0.879242984636023	0.697541110099677
Adenylate cyclase activating pathway	0.879242984636023	0.879242984636023	0.70190956569245
rRNA modification in the nucleus and cytosol	0.879242984636023	0.879242984636023	0.710036879695644
RUNX2 regulates chondrocyte maturation	0.879242984636023	0.879242984636023	0.71051849115683
Loss of MECP2 binding ability to the NCoR/SMRT complex	0.879242984636023	0.879242984636023	0.711896802220936
snRNP Assembly	0.879242984636023	0.879242984636023	0.713204995502882
Cross-presentation of soluble exogenous antigens (endosomes)	0.879242984636023	0.879242984636023	0.716709909448931
Defective F8 cleavage by thrombin	0.879242984636023	0.879242984636023	0.71737714849053
Defective factor VIII causes hemophilia A	0.879242984636023	0.879242984636023	0.71981766635884
Regulation of ornithine decarboxylase (ODC)	0.879242984636023	0.879242984636023	0.720743895392985
Signaling by Retinoic Acid	0.879242984636023	0.879242984636023	0.72079836598198
Metabolism of polyamines	0.879242984636023	0.879242984636023	0.721812729872882
TFAP2 (AP-2) family regulates transcription of cell cycle factors	0.879242984636023	0.879242984636023	0.723422082359494
Breakdown of the nuclear lamina	0.879242984636023	0.879242984636023	0.731419158876079
NR1H2 & NR1H3 regulate gene expression to control bile acid homeostasis	0.879242984636023	0.879242984636023	0.732494973949412
Entry of Influenza Virion into Host Cell via Endocytosis	0.879242984636023	0.879242984636023	0.740415054727971
Activation of BMF and translocation to mitochondria	0.879242984636023	0.879242984636023	0.74325565679488
RHO GTPases regulate CFTR trafficking	0.879242984636023	0.879242984636023	0.748709204066502
SUMOylation of RNA binding proteins	0.879242984636023	0.879242984636023	0.756290638423426
Postmitotic nuclear pore complex (NPC) reformation	0.879242984636023	0.879242984636023	0.759102250809828
SUMOylation of DNA methylation proteins	0.879242984636023	0.879242984636023	0.767267526047494
SUMO is transferred from E1 to E2 (UBE2I, UBC9)	0.879242984636023	0.879242984636023	0.768576075134703
SUMOylation of SUMOylation proteins	0.879242984636023	0.879242984636023	0.775116146395164
Negative regulation of activity of TFAP2 (AP-2) family transcription factors	0.879242984636023	0.879242984636023	0.791438083856116
Signaling by membrane-tethered fusions of PDGFRA or PDGFRB	0.879242984636023	0.879242984636023	0.822924330435185
