"KW"	"Category"	"Representativeness"	"Raw.Occurrence"	"Betweenness.centrality"	"Closeness.centrality"	"Strength"	"Wscore"	"Knode"	"Knode.rank"	"PMIDlist"
"acetaminophen/pharmacology"	"MESH"	0.0303030303030303	1	0	0.476849456340833	3.54265030590964	0.117583800016232	2.03481328972084	2	"[34062295]"
"actins/metabolism"	"MESH"	0.0333333333333333	1	0	0.309072951022989	4.04874320675387	0.192760327895463	1.47043444365007	144	"[34811833]"
"adaptor proteins vesicular transport/genetics"	"MESH"	0.037037037037037	1	0	2.02467225457844	4.55483610759811	0.8	-0.00599999999999977	9	"[30830879]"
"adjuvants immunologic/chemistry"	"MESH"	0.0303030303030303	1	0	0.443029527153837	3.0365574050654	0.0481900819738658	1.68831382712345	92	"[33236624]"
"aldehydes/chemistry"	"MESH"	0.0303030303030303	1	105.8	0.569615692040948	4.03319015827838	0.245252008765522	1.23339920544262	199	"[23521677]"
"amino acid transport system y+/genetics"	"MESH"	0.0303030303030303	1	39.2	0.464948922448889	3.0365574050654	0.0644225306387469	1.69602340365093	85	"[31554642]"
"amino acid transport system y+/metabolism"	"MESH"	0.0606060606060606	2	1704	0.362390532348144	6.57920771097504	0.807442577712848	1.6244627044341	100	"[34811833,31043744]"
"aniline compounds/chemistry"	"MESH"	0.0303030303030303	1	35.7403846153847	0.464065844064651	5.06092900844234	0.310993425858291	1.40689097796851	171	"[34985903]"
"aniline compounds/pharmacology"	"MESH"	0.0303030303030303	1	44.7	0.419431607786856	5.56702190928657	0.436003571138706	0.757470025715058	220	"[34593794]"
"antibodies monoclonal humanized/administration &amp; dosage"	"MESH"	0.0303030303030303	1	81.8773826979472	0.481288509616314	5.54365240892835	0.42042042042042	1.57893056324046	115	"[27525433]"
"antibodies monoclonal humanized/pharmacology"	"MESH"	0.0303030303030303	1	111.716129032258	0.530701903020956	3.0365574050654	0.0791331872412954	1.43328514897406	151	"[33691090]"
"antibodies neutralizing/metabolism"	"MESH"	0.0303030303030303	1	0	0.434007093053384	4.03174720649334	0.142642642642643	1.38647374234767	183	"[23826077]"
"antineoplastic agents immunological/administration &amp; dosage"	"MESH"	0.0303030303030303	1	39.2	0.464948922448889	3.0365574050654	0.0644225306387469	1.69602340365093	86	"[31554642]"
"antineoplastic agents/chemistry"	"MESH"	0.0909090909090909	3	857.375	0.556340066407841	10.6085096071345	0.831588345101859	1.28682218698931	194	"[23521677,31738155,31509699]"
"antioxidants/pharmacology"	"MESH"	0.0303030303030303	1	229.852272727273	0.544287571872919	6.57920771097504	0.691522603684766	1.56044543167793	128	"[32778843]"
"apoptosis/drug effects"	"MESH"	0.181818181818182	6	3958.37363845832	0.593388040621193	14.148133568146	0.981981981981982	1.17696017390258	202	"[31738155,31509699,23521677,32134361,24280212,23826077]"
"apoptosis/immunology"	"MESH"	0.0303030303030303	1	206.833333333334	0.49731797098476	4.53733892806317	0.35703270838406	1.37046289572298	188	"[28280037]"
"ascorbic acid/pharmacology"	"MESH"	0.0303030303030303	1	158.615384615385	0.47887818316699	2.53046450422117	0.0389578767957146	1.5610961557771	127	"[32686685]"
"asparaginase"	"MESH"	0.0303030303030303	1	0	0.324466173866755	2.53046450422117	0.0231312393474556	1.80197910253713	47	"[35778693]"
"autophagy-related proteins/genetics"	"MESH"	0.0303030303030303	1	1303.2	0.494970153750556	3.54265030590964	0.245069393718042	1.57602982081046	118	"[33926261]"
"autophagy/drug effects"	"MESH"	0.0606060606060606	2	2501.4	0.525043569717626	4.55271160756554	0.455928901874848	1.53139067591071	137	"[33926261,33277233]"
"b-lymphocytes/metabolism"	"MESH"	0.0303030303030303	1	0	2.02467225457844	1.01218580168847	1	0	1	"[31775041]"
"b7-h1 antigen/antagonists &amp; inhibitors"	"MESH"	0.0606060606060606	2	1433.28571428571	0.424619331241286	7.59139351266351	0.807564321077835	0.845305581050069	213	"[34593794,31043744]"
"b7-h1 antigen/metabolism"	"MESH"	0.0303030303030303	1	35.7403846153847	0.464065844064651	5.06092900844234	0.310993425858291	1.40689097796851	174	"[34985903]"
"bacterial toxins/metabolism"	"MESH"	0.0303030303030303	1	0	0.295794246560549	6.57708321094247	0.333475367259151	1.7022370235449	81	"[35197507]"
"basic-leucine zipper transcription factors/analysis"	"MESH"	0.037037037037037	1	0	2.02467225457844	1.5182787025327	1	0	3	"[34991659]"
"benzylamines"	"MESH"	0.0303030303030303	1	0	0.434007093053384	4.03174720649334	0.142642642642643	1.38647374234767	182	"[23826077]"
"benzylidene compounds/chemistry"	"MESH"	0.0303030303030303	1	35.7403846153847	0.464065844064651	5.06092900844234	0.310993425858291	1.40689097796851	176	"[34985903]"
"benzylidene compounds/pharmacology"	"MESH"	0.0303030303030303	1	44.7	0.419431607786856	5.56702190928657	0.436003571138706	0.757470025715058	219	"[34593794]"
"biological products/chemistry"	"MESH"	0.0303030303030303	1	18.625	0.518966244787098	5.56702190928657	0.346238130021914	1.40759458993075	161	"[31509699]"
"biomarkers tumor"	"MESH"	0.0303030303030303	1	0	0.413869166214007	6.57920771097504	0.379737845954062	1.90159086560416	8	"[33311482]"
"bone marrow/drug effects"	"MESH"	0.121212121212121	4	2248.74863845832	0.547634897793977	13.118951766197	0.919263858453048	1.26823577800977	195	"[23826077,32134361,31738155,24280212]"
"brain neoplasms/genetics"	"MESH"	0.0303030303030303	1	0	0.476849456340833	3.54265030590964	0.117583800016232	2.03481328972084	4	"[34062295]"
"calreticulin/metabolism"	"MESH"	0.0303030303030303	1	158.615384615385	0.47887818316699	2.53046450422117	0.0389578767957146	1.5610961557771	125	"[32686685]"
"carbolines/pharmacology"	"MESH"	0.0606060606060606	2	472.828671328671	0.493561639116618	8.91234870002656	0.79254930606282	1.5833057209777	108	"[32778843,34717678]"
"carcinogenesis/immunology"	"MESH"	0.0303030303030303	1	206.833333333334	0.49731797098476	4.53733892806317	0.35703270838406	1.37046289572298	187	"[28280037]"
"carcinoma pancreatic ductal/metabolism"	"MESH"	0.0303030303030303	1	0	0.413869166214007	6.57920771097504	0.379737845954062	1.90159086560416	12	"[33311482]"
"cation transport proteins/genetics"	"MESH"	0.0303030303030303	1	0	0.476849456340833	3.54265030590964	0.117583800016232	2.03481328972084	5	"[34062295]"
"cd36 antigens/antagonists &amp; inhibitors"	"MESH"	0.0303030303030303	1	111.716129032258	0.530701903020956	3.0365574050654	0.0791331872412954	1.43328514897406	152	"[33691090]"
"cd8-positive t-lymphocytes/cytology"	"MESH"	0.0909090909090909	3	3351.74562185127	0.567709381233493	12.124984619936	0.96867137407678	1.17236791984501	203	"[34985903,27525433,33691090]"
"cd8-positive t-lymphocytes/drug effects"	"MESH"	0.0303030303030303	1	0	0.469940497752581	1.5182787025327	0.00578280983686389	1.89194995161652	28	"[33277233]"
"cd8-positive t-lymphocytes/immunology"	"MESH"	0.0909090909090909	3	2174.28571428571	0.48406275050299	5.05120835314515	0.504991477964451	1.55629243425538	135	"[31554642,31043744]"
"cell cycle/drug effects"	"MESH"	0.0303030303030303	1	1303.2	0.494970153750556	3.54265030590964	0.245069393718042	1.57602982081046	121	"[33926261]"
"cell line"	"MESH"	0.0333333333333333	1	0	0.309072951022989	4.04874320675387	0.192760327895463	1.47043444365007	142	"[34811833]"
"cell line tumor/transplantation"	"MESH"	0.0606060606060606	2	1259.51136363636	0.425819962058498	9.92665900174759	0.838040743446149	1.02826251072898	206	"[34593794,33547170]"
"cell proliferation/drug effects"	"MESH"	0.0606060606060606	2	5133.48374125874	0.615348438431643	10.1082490994686	0.959743527311095	1.30801511373899	193	"[23521677,32778843]"
"cell survival"	"MESH"	0.0303030303030303	1	35.8333333333335	0.356763171594008	4.55483610759811	0.301984416849282	1.8333491552279	38	"[32814895]"
"cell survival/drug effects"	"MESH"	0.111111111111111	3	354.727272727273	0.455458915958405	5.56702190928657	0.573857641425209	1.72907722376327	69	"[31554642,34717678]"
"cell transformation neoplastic/genetics"	"MESH"	0.0303030303030303	1	0	0.413869166214007	6.57920771097504	0.379737845954062	1.90159086560416	16	"[33311482]"
"cells cultured"	"MESH"	0.0606060606060606	2	2704	0.343172023289219	8.57383631389605	0.881665449233017	1.84621969378876	32	"[35197507,30787033]"
"chemokine ccl3/genetics"	"MESH"	0.0303030303030303	1	105.8	0.569615692040948	4.03319015827838	0.245252008765522	1.23339920544262	201	"[23521677]"
"chemokine cxcl12/metabolism"	"MESH"	0.0303030303030303	1	0	0.434007093053384	4.03174720649334	0.142642642642643	1.38647374234767	181	"[23826077]"
"cisplatin"	"MESH"	0.0303030303030303	1	0	0.324466173866755	2.53046450422117	0.0231312393474556	1.80197910253713	49	"[35778693]"
"coenzyme a ligases/metabolism"	"MESH"	0.0303030303030303	1	35.8333333333335	0.356763171594008	4.55483610759811	0.301984416849282	1.8333491552279	37	"[32814895]"
"collagen type i/metabolism"	"MESH"	0.0333333333333333	1	0	0.309072951022989	4.04874320675387	0.192760327895463	1.47043444365007	145	"[34811833]"
"colonic neoplasms/drug therapy"	"MESH"	0.0303030303030303	1	0	0.383162007967352	4.04874320675387	0.192760327895463	1.75610364640463	63	"[33547170]"
"ctla-4 antigen/metabolism"	"MESH"	0.0303030303030303	1	81.8773826979472	0.481288509616314	5.54365240892835	0.42042042042042	1.57893056324046	116	"[27525433]"
"cyclams"	"MESH"	0.0303030303030303	1	0	0.434007093053384	4.03174720649334	0.142642642642643	1.38647374234767	179	"[23826077]"
"cyclohexylamines/pharmacology"	"MESH"	0.074074074074074	2	0	2.17795020791199	4.86767412436469	0.9	0.0310000000000002	2	"[30830879,35197507]"
"cyclopentane monoterpenes"	"MESH"	0.0303030303030303	1	105.8	0.569615692040948	4.03319015827838	0.245252008765522	1.23339920544262	197	"[23521677]"
"cysteine/metabolism"	"MESH"	0.0303030303030303	1	460.057142857142	0.432436314830444	3.5407061748502	0.130671211752293	1.63674835905666	99	"[31043744]"
"cystine/antagonists &amp; inhibitors"	"MESH"	0.0303030303030303	1	229.852272727273	0.544287571872919	6.57920771097504	0.691522603684766	1.56044543167793	134	"[32778843]"
"cytarabine/pharmacology"	"MESH"	0.0303030303030303	1	0	0.434007093053384	4.03174720649334	0.142642642642643	1.38647374234767	177	"[23826077]"
"cytokines/metabolism"	"MESH"	0.0606060606060606	2	2345.72855746404	0.568574322087454	6.57920771097504	0.823431539647756	1.42274510261349	154	"[33691090,32134361]"
"cytoskeletal proteins/metabolism"	"MESH"	0.0303030303030303	1	0	2.02467225457844	1.01218580168847	1	0	3	"[31775041]"
"dextrans/chemistry"	"MESH"	0.0303030303030303	1	0	0.443029527153837	3.0365574050654	0.0481900819738658	1.68831382712345	89	"[33236624]"
"dichloroacetic acid/chemistry"	"MESH"	0.0303030303030303	1	18.625	0.518966244787098	5.56702190928657	0.346238130021914	1.40759458993075	156	"[31509699]"
"diet"	"MESH"	0.0303030303030303	1	0	0.413869166214007	6.57920771097504	0.379737845954062	1.90159086560416	11	"[33311482]"
"diterpenes/pharmacology"	"MESH"	0.0303030303030303	1	0	0.324466173866755	2.53046450422117	0.0231312393474556	1.80197910253713	48	"[35778693]"
"dna"	"MESH"	0.0303030303030303	1	0	0.413869166214007	6.57920771097504	0.379737845954062	1.90159086560416	19	"[33311482]"
"dose-response relationship drug"	"MESH"	0.0606060606060606	2	472.828671328671	0.493561639116618	8.91234870002656	0.79254930606282	1.5833057209777	107	"[32778843,34717678]"
"drug interactions"	"MESH"	0.0303030303030303	1	0	0.502180055581637	3.54265030590964	0.117583800016232	1.61040676548722	105	"[32134361]"
"drug resistance neoplasm"	"MESH"	0.037037037037037	1	0	2.02467225457844	1.5182787025327	1	0	1	"[34991659]"
"drug resistance neoplasm/drug effects"	"MESH"	0.0606060606060606	2	2397.21188730624	0.493386009088716	8.59083231415658	0.861029948867787	0.860538525680087	212	"[34593794,24280212]"
"drug synergism"	"MESH"	0.0303030303030303	1	18.625	0.518966244787098	5.56702190928657	0.346238130021914	1.40759458993075	160	"[31509699]"
"endoplasmic reticulum/drug effects"	"MESH"	0.0303030303030303	1	0	0.469940497752581	1.5182787025327	0.00578280983686389	1.89194995161652	27	"[33277233]"
"endothelial cells/metabolism"	"MESH"	0.0303030303030303	1	0	0.295794246560549	6.57708321094247	0.333475367259151	1.7022370235449	80	"[35197507]"
"energy metabolism/drug effects"	"MESH"	0.0303030303030303	1	18.625	0.518966244787098	5.56702190928657	0.346238130021914	1.40759458993075	162	"[31509699]"
"exosomes/drug effects"	"MESH"	0.0303030303030303	1	44.7	0.419431607786856	5.56702190928657	0.436003571138706	0.757470025715058	214	"[34593794]"
"exosomes/metabolism"	"MESH"	0.0303030303030303	1	35.7403846153847	0.464065844064651	5.06092900844234	0.310993425858291	1.40689097796851	173	"[34985903]"
"fatty acids/metabolism"	"MESH"	0.0303030303030303	1	111.716129032258	0.530701903020956	3.0365574050654	0.0791331872412954	1.43328514897406	153	"[33691090]"
"ferric compounds/chemistry"	"MESH"	0.0909090909090909	3	1188.125	0.477871897888562	9.61364061600788	0.829802775748722	1.6216122635247	101	"[33236624,34985903,32686685]"
"ferritins/blood"	"MESH"	0.0303030303030303	1	0	0.337379524921791	4.55289197653867	0.221674377079783	1.76420271820592	54	"[31980600]"
"flavonolignans/pharmacology"	"MESH"	0.0303030303030303	1	1303.2	0.494970153750556	3.54265030590964	0.245069393718042	1.57602982081046	122	"[33926261]"
"folic acid antagonists/pharmacology"	"MESH"	0.0303030303030303	1	229.852272727273	0.544287571872919	6.57920771097504	0.691522603684766	1.56044543167793	130	"[32778843]"
"fusion regulatory protein 1 heavy chain/metabolism"	"MESH"	0.0303030303030303	1	460.057142857142	0.432436314830444	3.5407061748502	0.130671211752293	1.63674835905666	95	"[31043744]"
"gels/chemistry"	"MESH"	0.0303030303030303	1	0	0.443029527153837	3.0365574050654	0.0481900819738658	1.68831382712345	91	"[33236624]"
"gene expression"	"MESH"	0.0303030303030303	1	4.06410256410257	0.412361518696267	4.04874320675387	0.204934664394124	1.80855370288784	42	"[34717678]"
"gene expression regulation neoplastic"	"MESH"	0.0606060606060606	2	2720.98484848485	0.551539933214443	8.59951068325997	0.898831263696129	1.64597748549091	94	"[34062295,32778843]"
"gene expression regulation neoplastic/drug effects"	"MESH"	0.0606060606060606	2	2962.25694305694	0.573321387518997	6.56559879355898	0.701241782322863	1.36621608265848	191	"[23521677,31554642]"
"genetic variation"	"MESH"	0.0303030303030303	1	0	0.337379524921791	4.55289197653867	0.221674377079783	1.76420271820592	57	"[31980600]"
"glioblastoma/genetics"	"MESH"	0.0303030303030303	1	0	0.476849456340833	3.54265030590964	0.117583800016232	2.03481328972084	3	"[34062295]"
"glutathione"	"MESH"	0.0303030303030303	1	0	0.434589840620618	3.54265030590964	0.117583800016232	1.90107552142457	22	"[34396451]"
"glutathione peroxidase/metabolism"	"MESH"	0.0303030303030303	1	1303.2	0.494970153750556	3.54265030590964	0.245069393718042	1.57602982081046	120	"[33926261]"
"glutathione peroxidase/therapeutic use"	"MESH"	0.0303030303030303	1	0	2.02467225457844	1.01218580168847	1	0	2	"[31775041]"
"glutathione/metabolism"	"MESH"	0.0909090909090909	3	6519.33333333333	0.426145672683524	8.72316244704091	0.936936936936937	1.80856927446466	39	"[33926261,32814895,30787033]"
"gold/chemistry"	"MESH"	0.0303030303030303	1	0	0.443029527153837	3.0365574050654	0.0481900819738658	1.68831382712345	93	"[33236624]"
"heart ventricles/diagnostic imaging"	"MESH"	0.0303030303030303	1	0	0.295794246560549	6.57708321094247	0.333475367259151	1.7022370235449	76	"[35197507]"
"heat-shock proteins/genetics"	"MESH"	0.0303030303030303	1	0	0.476849456340833	3.54265030590964	0.117583800016232	2.03481328972084	1	"[34062295]"
"heme oxygenase-1/metabolism"	"MESH"	0.0303030303030303	1	0	0.383162007967352	4.04874320675387	0.192760327895463	1.75610364640463	64	"[33547170]"
"hemeproteins/toxicity"	"MESH"	0.0303030303030303	1	0	0.337379524921791	4.55289197653867	0.221674377079783	1.76420271820592	53	"[31980600]"
"hemodynamics/drug effects"	"MESH"	0.0303030303030303	1	0	0.295794246560549	6.57708321094247	0.333475367259151	1.7022370235449	73	"[35197507]"
"hepatic stellate cells/drug effects"	"MESH"	0.0333333333333333	1	0	0.309072951022989	4.04874320675387	0.192760327895463	1.47043444365007	143	"[34811833]"
"hepatocytes/drug effects"	"MESH"	0.0333333333333333	1	0	0.309072951022989	4.04874320675387	0.192760327895463	1.47043444365007	146	"[34811833]"
"heterografts/drug effects"	"MESH"	0.0303030303030303	1	0	0.48475975972528	3.52904138849358	0.0578280983686389	1.40702747526049	167	"[31738155]"
"hmgb1 protein/metabolism"	"MESH"	0.0303030303030303	1	0	0.295794246560549	6.57708321094247	0.333475367259151	1.7022370235449	78	"[35197507]"
"host-pathogen interactions"	"MESH"	0.0303030303030303	1	70.0000000000001	0.359937293604764	3.54265030590964	0.172043665286909	1.85912733784198	31	"[30787033]"
"hyaluronan receptors/genetics"	"MESH"	0.0303030303030303	1	0	0.476849456340833	3.54265030590964	0.117583800016232	2.03481328972084	6	"[34062295]"
"hyaluronic acid/chemistry"	"MESH"	0.0303030303030303	1	44.7	0.419431607786856	5.56702190928657	0.436003571138706	0.757470025715058	221	"[34593794]"
"hypertension pulmonary/chemically induced"	"MESH"	0.0303030303030303	1	0	0.295794246560549	6.57708321094247	0.333475367259151	1.7022370235449	74	"[35197507]"
"hypoxia-inducible factor 1 alpha subunit/metabolism"	"MESH"	0.0333333333333333	1	0	0.309072951022989	4.04874320675387	0.192760327895463	1.47043444365007	141	"[34811833]"
"ileum/drug effects"	"MESH"	0.0303030303030303	1	0	0.502180055581637	3.54265030590964	0.117583800016232	1.61040676548722	104	"[32134361]"
"imidazoles/administration &amp; dosage"	"MESH"	0.0303030303030303	1	206.833333333334	0.49731797098476	4.53733892806317	0.35703270838406	1.37046289572298	189	"[28280037]"
"immune checkpoint inhibitors/pharmacology"	"MESH"	0.0303030303030303	1	44.7	0.419431607786856	5.56702190928657	0.436003571138706	0.757470025715058	218	"[34593794]"
"immunity innate/genetics"	"MESH"	0.0303030303030303	1	206.833333333334	0.49731797098476	4.53733892806317	0.35703270838406	1.37046289572298	190	"[28280037]"
"immunogenic cell death/drug effects"	"MESH"	0.0303030303030303	1	35.7403846153847	0.464065844064651	5.06092900844234	0.310993425858291	1.40689097796851	175	"[34985903]"
"immunologic memory"	"MESH"	0.0303030303030303	1	44.7	0.419431607786856	5.56702190928657	0.436003571138706	0.757470025715058	216	"[34593794]"
"inflammasomes/metabolism"	"MESH"	0.0303030303030303	1	0	0.295794246560549	6.57708321094247	0.333475367259151	1.7022370235449	83	"[35197507]"
"inflammation mediators/antagonists &amp; inhibitors"	"MESH"	0.0303030303030303	1	4.06410256410257	0.412361518696267	4.04874320675387	0.204934664394124	1.80855370288784	44	"[34717678]"
"inflammation/drug therapy"	"MESH"	0.037037037037037	1	0	2.02467225457844	4.55483610759811	0.8	-0.00599999999999977	10	"[30830879]"
"inflammation/metabolism"	"MESH"	0.0303030303030303	1	0	0.295794246560549	6.57708321094247	0.333475367259151	1.7022370235449	79	"[35197507]"
"interferon-gamma/immunology"	"MESH"	0.0303030303030303	1	460.057142857142	0.432436314830444	3.5407061748502	0.130671211752293	1.63674835905666	98	"[31043744]"
"interferon-gamma/metabolism"	"MESH"	0.0303030303030303	1	35.7403846153847	0.464065844064651	5.06092900844234	0.310993425858291	1.40689097796851	168	"[34985903]"
"iron chelating agents/pharmacology"	"MESH"	0.0303030303030303	1	70.0000000000001	0.359937293604764	3.54265030590964	0.172043665286909	1.85912733784198	29	"[30787033]"
"iron/blood"	"MESH"	0.0303030303030303	1	0	0.434589840620618	3.54265030590964	0.117583800016232	1.90107552142457	24	"[34396451]"
"iron/metabolism"	"MESH"	0.121212121212121	4	1705.33333333333	0.401211039351701	10.2414411495736	0.893819495170846	1.74388861762346	66	"[32814895,31980600,30787033]"
"jurkat cells"	"MESH"	0.0606060606060606	2	5201.4	0.547559213715741	8.0914736513563	0.905811216622027	1.56855081494537	123	"[32778843,33926261]"
"kidney"	"MESH"	0.0303030303030303	1	0	0.434589840620618	3.54265030590964	0.117583800016232	1.90107552142457	20	"[34396451]"
"killer cells natural/metabolism"	"MESH"	0.0303030303030303	1	0	0.324466173866755	2.53046450422117	0.0231312393474556	1.80197910253713	46	"[35778693]"
"leukemia lymphocytic chronic b-cell/immunology"	"MESH"	0.0303030303030303	1	0	0.48475975972528	3.52904138849358	0.0578280983686389	1.40702747526049	163	"[31738155]"
"leukemia myeloid acute/drug therapy"	"MESH"	0.0303030303030303	1	0	0.434007093053384	4.03174720649334	0.142642642642643	1.38647374234767	184	"[23826077]"
"leukocyte common antigens/metabolism"	"MESH"	0.0303030303030303	1	81.8773826979472	0.481288509616314	5.54365240892835	0.42042042042042	1.57893056324046	117	"[27525433]"
"lipid metabolism/drug effects"	"MESH"	0.0303030303030303	1	39.2	0.464948922448889	3.0365574050654	0.0644225306387469	1.69602340365093	88	"[31554642]"
"lipopolysaccharides/toxicity"	"MESH"	0.0303030303030303	1	4.06410256410257	0.412361518696267	4.04874320675387	0.204934664394124	1.80855370288784	40	"[34717678]"
"listeriosis/etiology"	"MESH"	0.0303030303030303	1	0	0.337379524921791	4.55289197653867	0.221674377079783	1.76420271820592	52	"[31980600]"
"liver cirrhosis/drug therapy"	"MESH"	0.0333333333333333	1	0	0.309072951022989	4.04874320675387	0.192760327895463	1.47043444365007	148	"[34811833]"
"liver x receptors/agonists"	"MESH"	0.0303030303030303	1	0	0.337379524921791	4.55289197653867	0.221674377079783	1.76420271820592	55	"[31980600]"
"liver/pathology"	"MESH"	0.0303030303030303	1	0	0.434589840620618	3.54265030590964	0.117583800016232	1.90107552142457	21	"[34396451]"
"lung/blood supply"	"MESH"	0.0303030303030303	1	0	0.295794246560549	6.57708321094247	0.333475367259151	1.7022370235449	75	"[35197507]"
"lymph/metabolism"	"MESH"	0.0303030303030303	1	35.8333333333335	0.356763171594008	4.55483610759811	0.301984416849282	1.8333491552279	34	"[32814895]"
"lymphocytes tumor-infiltrating/immunology"	"MESH"	0.0909090909090909	3	2438.77382697947	0.451092415471971	12.1133198335793	0.92427562697833	1.70325906853027	71	"[27525433,28280037,33547170]"
"lymphoma t-cell"	"MESH"	0.0303030303030303	1	0	0.324466173866755	2.53046450422117	0.0231312393474556	1.80197910253713	50	"[35778693]"
"macrophages"	"MESH"	0.0303030303030303	1	0	0.413869166214007	6.57920771097504	0.379737845954062	1.90159086560416	7	"[33311482]"
"macrophages/cytology"	"MESH"	0.0606060606060606	2	1035.875	0.530660221939686	8.09536191347518	0.778487947406866	1.35525128985944	192	"[33236624,31509699]"
"macrophages/drug effects"	"MESH"	0.121212121212121	4	0	0.30961893951691	5.55146886081108	0.271792062332603	1.71974001439761	70	"[31980600,30787033]"
"macrophages/metabolism"	"MESH"	0.0303030303030303	1	0	0.295794246560549	6.57708321094247	0.333475367259151	1.7022370235449	84	"[35197507]"
"malaria/genetics"	"MESH"	0.0303030303030303	1	0	0.337379524921791	4.55289197653867	0.221674377079783	1.76420271820592	56	"[31980600]"
"malondialdehyde/blood"	"MESH"	0.0303030303030303	1	0	0.434589840620618	3.54265030590964	0.117583800016232	1.90107552142457	26	"[34396451]"
"melanoma/blood"	"MESH"	0.0303030303030303	1	35.8333333333335	0.356763171594008	4.55483610759811	0.301984416849282	1.8333491552279	33	"[32814895]"
"melanoma/genetics"	"MESH"	0.0303030303030303	1	460.057142857142	0.432436314830444	3.5407061748502	0.130671211752293	1.63674835905666	97	"[31043744]"
"melanoma/immunology"	"MESH"	0.0303030303030303	1	81.8773826979472	0.481288509616314	5.54365240892835	0.42042042042042	1.57893056324046	112	"[27525433]"
"membrane proteins/genetics"	"MESH"	0.0303030303030303	1	0	0.413869166214007	6.57920771097504	0.379737845954062	1.90159086560416	15	"[33311482]"
"membrane proteins/metabolism"	"MESH"	0.0303030303030303	1	0	0.383162007967352	4.04874320675387	0.192760327895463	1.75610364640463	60	"[33547170]"
"metal-organic frameworks/chemistry"	"MESH"	0.0303030303030303	1	35.7403846153847	0.464065844064651	5.06092900844234	0.310993425858291	1.40689097796851	169	"[34985903]"
"methotrexate/pharmacology"	"MESH"	0.0303030303030303	1	229.852272727273	0.544287571872919	6.57920771097504	0.691522603684766	1.56044543167793	131	"[32778843]"
"microglia/drug effects"	"MESH"	0.0303030303030303	1	4.06410256410257	0.412361518696267	4.04874320675387	0.204934664394124	1.80855370288784	43	"[34717678]"
"mitochondria/drug effects"	"MESH"	0.074074074074074	2	0	0.439852409091485	4.04874320675387	0.192760327895463	1.44498979052623	150	"[31509699]"
"monocrotaline/toxicity"	"MESH"	0.0303030303030303	1	0	0.295794246560549	6.57708321094247	0.333475367259151	1.7022370235449	72	"[35197507]"
"multiple myeloma/drug therapy"	"MESH"	0.0606060606060606	2	3963.83402780016	0.608644538281354	6.56559879355898	0.710981251521792	1.16486758180074	204	"[23521677,33691090]"
"multiple myeloma/genetics"	"MESH"	0.0303030303030303	1	303.537695503421	0.532269739444718	4.03174720649334	0.267267267267267	0.913196873720744	211	"[24280212]"
"mutant proteins/metabolism"	"MESH"	0.0303030303030303	1	303.537695503421	0.532269739444718	4.03174720649334	0.267267267267267	0.913196873720744	210	"[24280212]"
"mutation"	"MESH"	0.0606060606060606	2	1689.68921065494	0.57331045026751	8.06493736477172	0.819758948137326	1.23485312762928	196	"[24280212,28280037]"
"myeloid-derived suppressor cells/immunology"	"MESH"	0.0303030303030303	1	0	0.383162007967352	4.04874320675387	0.192760327895463	1.75610364640463	65	"[33547170]"
"myocardial reperfusion injury/drug therapy"	"MESH"	0.037037037037037	1	0	2.02467225457844	4.55483610759811	0.8	-0.00599999999999977	6	"[30830879]"
"myocardium/immunology"	"MESH"	0.037037037037037	1	0	2.02467225457844	4.55483610759811	0.8	-0.00599999999999977	3	"[30830879]"
"necroptosis/drug effects"	"MESH"	0.0303030303030303	1	0	0.502180055581637	3.54265030590964	0.117583800016232	1.61040676548722	106	"[32134361]"
"neoplasm metastasis"	"MESH"	0.0303030303030303	1	81.8773826979472	0.481288509616314	5.54365240892835	0.42042042042042	1.57893056324046	109	"[27525433]"
"neoplasm metastasis/drug therapy"	"MESH"	0.0303030303030303	1	35.8333333333335	0.356763171594008	4.55483610759811	0.301984416849282	1.8333491552279	35	"[32814895]"
"neoplasms/diagnostic imaging"	"MESH"	0.0303030303030303	1	158.615384615385	0.47887818316699	2.53046450422117	0.0389578767957146	1.5610961557771	126	"[32686685]"
"neoplasms/drug therapy"	"MESH"	0.0606060606060606	2	2690.4	0.557802044267386	6.57920771097504	0.843417742066391	1.51404585295221	138	"[31509699,33277233]"
"neutral ceramidase/antagonists &amp; inhibitors"	"MESH"	0.0303030303030303	1	0	0.383162007967352	4.04874320675387	0.192760327895463	1.75610364640463	61	"[33547170]"
"neutrophil infiltration"	"MESH"	0.037037037037037	1	0	2.02467225457844	4.55483610759811	0.8	-0.00599999999999977	4	"[30830879]"
"neutrophils/immunology"	"MESH"	0.037037037037037	1	0	2.02467225457844	4.55483610759811	0.8	-0.00599999999999977	7	"[30830879]"
"nf-e2-related factor 2/biosynthesis"	"MESH"	0.0303030303030303	1	4.06410256410257	0.412361518696267	4.04874320675387	0.204934664394124	1.80855370288784	41	"[34717678]"
"nivolumab/therapeutic use"	"MESH"	0.0303030303030303	1	460.057142857142	0.432436314830444	3.5407061748502	0.130671211752293	1.63674835905666	96	"[31043744]"
"nlr family pyrin domain-containing 3 protein/metabolism"	"MESH"	0.0303030303030303	1	0	0.295794246560549	6.57708321094247	0.333475367259151	1.7022370235449	77	"[35197507]"
"oleic acid/metabolism"	"MESH"	0.0303030303030303	1	35.8333333333335	0.356763171594008	4.55483610759811	0.301984416849282	1.8333491552279	36	"[32814895]"
"osteoprotegerin/genetics"	"MESH"	0.0303030303030303	1	303.537695503421	0.532269739444718	4.03174720649334	0.267267267267267	0.913196873720744	207	"[24280212]"
"oxidative stress"	"MESH"	0.0606060606060606	2	1147.46153846154	0.557545352180516	8.59313718316227	0.798352406460515	1.4479562125514	149	"[32778843,32686685]"
"oxidative stress/drug effects"	"MESH"	0.074074074074074	2	0	0.304555131264495	3.0365574050654	0.0481900819738658	1.74067194123096	68	"[32814895]"
"pancreas/metabolism"	"MESH"	0.0303030303030303	1	0	0.413869166214007	6.57920771097504	0.379737845954062	1.90159086560416	18	"[33311482]"
"pancreatitis/genetics"	"MESH"	0.0303030303030303	1	0	0.413869166214007	6.57920771097504	0.379737845954062	1.90159086560416	14	"[33311482]"
"phenol/chemistry"	"MESH"	0.0303030303030303	1	35.7403846153847	0.464065844064651	5.06092900844234	0.310993425858291	1.40689097796851	172	"[34985903]"
"phenols/chemistry"	"MESH"	0.0303030303030303	1	105.8	0.569615692040948	4.03319015827838	0.245252008765522	1.23339920544262	198	"[23521677]"
"phenotype"	"MESH"	0.0303030303030303	1	81.8773826979472	0.481288509616314	5.54365240892835	0.42042042042042	1.57893056324046	113	"[27525433]"
"phenylenediamines/pharmacology"	"MESH"	0.074074074074074	2	0	2.17795020791199	4.86767412436469	1	0.0410000000000002	1	"[30830879,35197507]"
"phospholipid hydroperoxide glutathione peroxidase"	"MESH"	0.0303030303030303	1	0	0.434589840620618	3.54265030590964	0.117583800016232	1.90107552142457	25	"[34396451]"
"phospholipid hydroperoxide glutathione peroxidase/antagonists &amp; inhibitors"	"MESH"	0.0303030303030303	1	229.852272727273	0.544287571872919	6.57920771097504	0.691522603684766	1.56044543167793	133	"[32778843]"
"phospholipid hydroperoxide glutathione peroxidase/genetics"	"MESH"	0.0303030303030303	1	0	0.413869166214007	6.57920771097504	0.379737845954062	1.90159086560416	10	"[33311482]"
"phospholipid hydroperoxide glutathione peroxidase/metabolism"	"MESH"	0.0606060606060606	2	2851.33333333333	0.402003917477984	6.69666634363141	0.863769174579985	1.76278498258192	59	"[32814895,30787033]"
"piperazines/administration &amp; dosage"	"MESH"	0.0303030303030303	1	206.833333333334	0.49731797098476	4.53733892806317	0.35703270838406	1.37046289572298	186	"[28280037]"
"piperazines/pharmacology"	"MESH"	0.0606060606060606	2	1498	0.548619417395692	10.1119569926144	0.876552227903579	1.53736611679952	136	"[32778843,34396451]"
"precursor cell lymphoblastic leukemia-lymphoma/metabolism"	"MESH"	0.0303030303030303	1	1303.2	0.494970153750556	3.54265030590964	0.245069393718042	1.57602982081046	119	"[33926261]"
"programmed cell death 1 receptor/antagonists &amp; inhibitors"	"MESH"	0.0303030303030303	1	81.8773826979472	0.481288509616314	5.54365240892835	0.42042042042042	1.57893056324046	110	"[27525433]"
"programmed cell death 1 receptor/metabolism"	"MESH"	0.0303030303030303	1	35.7403846153847	0.464065844064651	5.06092900844234	0.310993425858291	1.40689097796851	170	"[34985903]"
"protein kinase inhibitors/chemistry"	"MESH"	0.0303030303030303	1	18.625	0.518966244787098	5.56702190928657	0.346238130021914	1.40759458993075	159	"[31509699]"
"proto-oncogene proteins c-akt/metabolism"	"MESH"	0.0303030303030303	1	105.8	0.569615692040948	4.03319015827838	0.245252008765522	1.23339920544262	200	"[23521677]"
"proto-oncogene proteins p21(ras)/metabolism"	"MESH"	0.0303030303030303	1	0	0.413869166214007	6.57920771097504	0.379737845954062	1.90159086560416	13	"[33311482]"
"pyruvate dehydrogenase acetyl-transferring kinase/antagonists &amp; inhibitors"	"MESH"	0.0303030303030303	1	18.625	0.518966244787098	5.56702190928657	0.346238130021914	1.40759458993075	157	"[31509699]"
"quinoxalines/pharmacology"	"MESH"	0.0303030303030303	1	0	0.413869166214007	6.57920771097504	0.379737845954062	1.90159086560416	9	"[33311482]"
"radiation-protective agents/pharmacology"	"MESH"	0.0303030303030303	1	0	0.502180055581637	3.54265030590964	0.117583800016232	1.61040676548722	103	"[32134361]"
"raw 264.7 cells"	"MESH"	0.0303030303030303	1	4.06410256410257	0.412361518696267	4.04874320675387	0.204934664394124	1.80855370288784	45	"[34717678]"
"receptors cxcr4/antagonists &amp; inhibitors"	"MESH"	0.0303030303030303	1	0	0.434007093053384	4.03174720649334	0.142642642642643	1.38647374234767	178	"[23826077]"
"recombinant proteins/metabolism"	"MESH"	0.0303030303030303	1	303.537695503421	0.532269739444718	4.03174720649334	0.267267267267267	0.913196873720744	209	"[24280212]"
"saponins/chemistry"	"MESH"	0.0303030303030303	1	18.625	0.518966244787098	5.56702190928657	0.346238130021914	1.40759458993075	158	"[31509699]"
"skin neoplasms/drug therapy"	"MESH"	0.0303030303030303	1	44.7	0.419431607786856	5.56702190928657	0.436003571138706	0.757470025715058	215	"[34593794]"
"skin neoplasms/immunology"	"MESH"	0.0303030303030303	1	81.8773826979472	0.481288509616314	5.54365240892835	0.42042042042042	1.57893056324046	111	"[27525433]"
"small molecule libraries/pharmacology"	"MESH"	0.0303030303030303	1	0	0.502180055581637	3.54265030590964	0.117583800016232	1.61040676548722	102	"[32134361]"
"sorafenib/pharmacology"	"MESH"	0.0333333333333333	1	0	0.309072951022989	4.04874320675387	0.192760327895463	1.47043444365007	147	"[34811833]"
"spiro compounds/pharmacology"	"MESH"	0.0303030303030303	1	0	0.413869166214007	6.57920771097504	0.379737845954062	1.90159086560416	17	"[33311482]"
"spleen/pathology"	"MESH"	0.0303030303030303	1	0	0.434589840620618	3.54265030590964	0.117583800016232	1.90107552142457	23	"[34396451]"
"sulfasalazine/administration &amp; dosage"	"MESH"	0.0303030303030303	1	39.2	0.464948922448889	3.0365574050654	0.0644225306387469	1.69602340365093	87	"[31554642]"
"t-lymphocyte subsets/cytology"	"MESH"	0.0303030303030303	1	81.8773826979472	0.481288509616314	5.54365240892835	0.42042042042042	1.57893056324046	114	"[27525433]"
"t-lymphocytes cytotoxic/drug effects"	"MESH"	0.0303030303030303	1	44.7	0.419431607786856	5.56702190928657	0.436003571138706	0.757470025715058	222	"[34593794]"
"t-lymphocytes cytotoxic/immunology"	"MESH"	0.0606060606060606	2	2438.98484848485	0.542759872282263	7.57584046418801	0.843904715526337	1.42126121804848	155	"[34062295,28280037]"
"t-lymphocytes cytotoxic/metabolism"	"MESH"	0.0303030303030303	1	158.615384615385	0.47887818316699	2.53046450422117	0.0389578767957146	1.5610961557771	124	"[32686685]"
"t-lymphocytes/immunology"	"MESH"	0.0303030303030303	1	0	0.383162007967352	4.04874320675387	0.192760327895463	1.75610364640463	62	"[33547170]"
"tetrahydrofolate dehydrogenase/genetics"	"MESH"	0.0303030303030303	1	229.852272727273	0.544287571872919	6.57920771097504	0.691522603684766	1.56044543167793	129	"[32778843]"
"tissue distribution"	"MESH"	0.0303030303030303	1	0	0.48475975972528	3.52904138849358	0.0578280983686389	1.40702747526049	164	"[31738155]"
"tnf-related apoptosis-inducing ligand/genetics"	"MESH"	0.0303030303030303	1	303.537695503421	0.532269739444718	4.03174720649334	0.267267267267267	0.913196873720744	208	"[24280212]"
"toll-like receptor 4/genetics"	"MESH"	0.037037037037037	1	0	2.02467225457844	4.55483610759811	0.8	-0.00599999999999977	5	"[30830879]"
"toll-like receptor 4/metabolism"	"MESH"	0.0303030303030303	1	0	0.295794246560549	6.57708321094247	0.333475367259151	1.7022370235449	82	"[35197507]"
"transferrin/metabolism"	"MESH"	0.0303030303030303	1	0	0.337379524921791	4.55289197653867	0.221674377079783	1.76420271820592	58	"[31980600]"
"transforming growth factor beta/antagonists &amp; inhibitors"	"MESH"	0.0303030303030303	1	0	0.434007093053384	4.03174720649334	0.142642642642643	1.38647374234767	180	"[23826077]"
"triple negative breast neoplasms/drug therapy"	"MESH"	0.037037037037037	1	0	2.02467225457844	1.5182787025327	1	0	4	"[34991659]"
"trisaccharides/chemistry"	"MESH"	0.0303030303030303	1	0	0.48475975972528	3.52904138849358	0.0578280983686389	1.40702747526049	165	"[31738155]"
"tuberculosis/metabolism"	"MESH"	0.0303030303030303	1	70.0000000000001	0.359937293604764	3.54265030590964	0.172043665286909	1.85912733784198	30	"[30787033]"
"tumor escape/drug effects"	"MESH"	0.0303030303030303	1	44.7	0.419431607786856	5.56702190928657	0.436003571138706	0.757470025715058	217	"[34593794]"
"tumor microenvironment"	"MESH"	0.0606060606060606	2	2704	0.512460796812408	9.10967221519621	0.911918675432189	1.51268218349632	139	"[33691090,33311482]"
"tumor microenvironment/drug effects"	"MESH"	0.181818181818182	6	0	0.395466357719256	0.818930917610817	0.00192760327895463	1.12500182797844	205	"[33547170,34593794]"
"tumor microenvironment/immunology"	"MESH"	0.0606060606060606	2	521.710716031281	0.527323100628843	9.57684256720672	0.804398993588183	1.48774432093039	140	"[27525433,28280037]"
"tumor suppressor protein p53/biosynthesis"	"MESH"	0.0303030303030303	1	206.833333333334	0.49731797098476	4.53733892806317	0.35703270838406	1.37046289572298	185	"[28280037]"
"tumor suppressor protein p53/genetics"	"MESH"	0.0303030303030303	1	0	0.337379524921791	4.55289197653867	0.221674377079783	1.76420271820592	51	"[31980600]"
"tumor suppressor protein p53/metabolism"	"MESH"	0.0606060606060606	2	1080	0.384725973093611	6.5772635799156	0.670805941076211	1.74127179400722	67	"[35778693,33547170]"
"tumor-associated macrophages/drug effects"	"MESH"	0.037037037037037	1	0	2.02467225457844	1.5182787025327	1	0	2	"[34991659]"
"urinary bladder neoplasms/pathology"	"MESH"	0.0303030303030303	1	0	0.443029527153837	3.0365574050654	0.0481900819738658	1.68831382712345	90	"[33236624]"
"ventricular function left/drug effects"	"MESH"	0.037037037037037	1	0	2.02467225457844	4.55483610759811	0.8	-0.00599999999999977	8	"[30830879]"
"vidarabine/analogs &amp; derivatives"	"MESH"	0.0303030303030303	1	0	0.48475975972528	3.52904138849358	0.0578280983686389	1.40702747526049	166	"[31738155]"
"vitamin e/pharmacology"	"MESH"	0.0303030303030303	1	229.852272727273	0.544287571872919	6.57920771097504	0.691522603684766	1.56044543167793	132	"[32778843]"
