KW	category	node_weight	occurrence	btw_cnt	cls_cnt	strength	qscore	Knode	ranking
1-methyl-4-phenylpyridinium/toxicity	MESH	0.0084745762711864	1	0	0.620630987174283	1.78403239208729	0.0802880859375	102.478221735903	104
3t3-l1 cells	MESH	0.0057142857142857	1	0	0.694700663336733	3.91542656367134	0.3220751953125	91.558117153396	197
44'-diisothiocyanostilbene-22'-disulfonic acid/pharmacology	MESH	0.0057142857142857	1	0	0.690342979922648	6.26468250187414	0.49833984375	66.8519391433615	432
a549 cells	MESH	0.0057142857142857	1	0	0.508943411513519	3.48914772935453	0.263935546875	67.7684421639273	425
acetophenones/pharmacology	MESH	0.0057142857142857	1	0	0.639416947973217	4.30696922003847	0.389443359375	110.878415061792	49
acetyl coenzyme a/metabolism	MESH	0.0057142857142857	1	0	0.536297289535054	3.91542656367134	0.3220751953125	57.4884504383686	564
acetylcysteine/pharmacology	MESH	0.0114285714285714	2	381.8	0.800504480493877	8.15439987714942	0.75908935546875	105.722426047048	97
aconitate hydratase/metabolism	MESH	0.0057142857142857	1	0	0.669610127203784	5.48159718913988	0.444814453125	108.706370140445	67
actin-related protein 2-3 complex/metabolism	MESH	0.0057142857142857	1	0	0.593723514635606	4.30696922003847	0.389443359375	70.2319605596291	388
actins/metabolism	MESH	0.0114285714285714	2	2661.26666666667	0.892336602741889	9.65257459605756	0.8541796875	57.3302124971112	572
activating transcription factor 4/genetics	MESH	0.0084745762711864	1	0	0.579440143854626	3.21125830575713	0.252861328125	102.401318830931	108
activating transcription factor 4/metabolism	MESH	0.0084745762711864	1	0	0.49972127110549	2.14083887050475	0.1116650390625	53.7164436047793	594
activation metabolic	MESH	0.0057142857142857	1	45.8666666666667	0.687006925485709	3.13234125093707	0.2794873046875	111.273416998823	42
active transport cell nucleus	MESH	0.0057142857142857	1	0	0.706548137242754	5.09005453277274	0.40974609375	76.4159242736876	346
acute disease	MESH	0.0057142857142857	1	0	0.649447559140664	3.52388390730421	0.27685546875	101.585165278008	125
adamts9 protein/physiology	MESH	0.0084745762711864	1	0	0.55391582066499	3.92487126259205	0.32853515625	82.9377111834228	250
adaptor proteins signal transducing/genetics	MESH	0.0057142857142857	1	0	0.72319091572005	3.52388390730421	0.27685546875	77.6007041214893	336
adaptor proteins signal transducing/metabolism	MESH	0.0057142857142857	1	0	0.706548137242754	5.09005453277274	0.40974609375	76.4159242736876	347
adenine/administration & dosage	MESH	0.0084745762711864	1	0	0.527433798749522	3.21125830575713	0.252861328125	83.1273969060371	246
adenosine triphosphate	MESH	0.0084745762711864	1	0	0.67413669424849	1.42722591366984	0.046142578125	64.9604380298269	460
adenosine triphosphate/metabolism	MESH	0.0084745762711864	1	0	0.687491385166595	3.56806478417459	0.28423828125	95.8495322899826	163
adipocytes/drug effects	MESH	0.0057142857142857	1	0	0.694700663336733	3.91542656367134	0.3220751953125	91.558117153396	199
adjuvants immunologic	MESH	0.0057142857142857	1	0	0.686464785696831	2.3492559382028	0.138427734375	62.8163210237573	490
aging/genetics	MESH	0.0342857142857142	6	7850.23333333333	0.795707769702267	9.45166894936535	0.888603515625	100.225267038608	136
alanine/metabolism	MESH	0.0057142857142857	1	0	0.536297289535054	3.91542656367134	0.3220751953125	57.4884504383686	562
alcohol oxidoreductases/genetics	MESH	0.0057142857142857	1	20.5666666666667	0.69133906755553	3.84595420777199	0.36068359375	109.371726127418	60
amino acid transport system y+/analysis	MESH	0.0084745762711864	1	0	0.597595309085875	2.49764534892221	0.1550390625	75.6719905435505	356
amino acid transport system y+/antagonists & inhibitors	MESH	0.0057142857142857	1	11.965811965812	0.71606031879671	4.30696922003847	0.4728955078125	80.9398393901585	278
amino acid transport system y+/genetics	MESH	0.0114285714285714	2	12.8333333333333	0.617920296113895	5.80514393894662	0.546923828125	110.379891907789	55
amino acid transport system y+/metabolism	MESH	0.0114285714285714	2	152.766666666667	0.580207200999737	6.3435995566942	0.6894580078125	89.0799919903872	211
aminolevulinic acid/pharmacology	MESH	0.0057142857142857	1	0	0.722177080105159	1.95771328183567	0.0932080078125	77.8496473599676	330
amp-activated protein kinases/metabolism	MESH	0.0084745762711864	1	0	0.673681262281672	3.21125830575713	0.252861328125	90.3805901446272	203
amyotrophic lateral sclerosis/drug therapy	MESH	0.0084745762711864	1	0	0.490820586199156	1.42722591366984	0.046142578125	49.6086971566623	605
androgen antagonists/pharmacology	MESH	0.0084745762711864	1	0	0.551916594677852	4.28167774100951	0.3645263671875	82.7896429740143	262
androstenes/pharmacology	MESH	0.0084745762711864	1	0	0.551916594677852	4.28167774100951	0.3645263671875	82.7896429740143	261
aniline compounds/pharmacology	MESH	0.0114285714285714	2	108.333333333333	0.705910047897987	7.12668486942847	0.6890625	69.08301384412	416
anion transport proteins/antagonists & inhibitors	MESH	0.0057142857142857	1	0	0.690342979922648	6.26468250187414	0.49833984375	66.8519391433615	440
anthelmintics/pharmacology	MESH	0.0057142857142857	1	143.27380952381	0.758189382628063	3.91542656367134	0.44306640625	93.5983880868127	179
anthracenes/chemistry	MESH	0.0057142857142857	1	0	0.693489524569065	3.91542656367134	0.3220751953125	64.4015480068038	465
anthracenes/pharmacology	MESH	0.0084745762711864	1	0	0.462249890982249	2.85445182733967	0.1891845703125	70.9590034312371	381
antibiotics antineoplastic/administration & dosage	MESH	0.0084745762711864	1	0	0.570034031294583	1.42722591366984	0.046142578125	57.1853588853016	576
antibodies monoclonal/metabolism	MESH	0.0084745762711864	1	0	0.56865308772466	2.14083887050475	0.1116650390625	57.3756405306998	571
antigens/metabolism	MESH	0.0084745762711864	1	0	0.56865308772466	2.14083887050475	0.1116650390625	57.3756405306998	566
antimalarials/pharmacology	MESH	0.0057142857142857	1	9.83333333333333	0.658866299428602	2.74079859456994	0.20654296875	101.688490560366	119
antimetabolites antineoplastic/pharmacology	MESH	0.0084745762711864	1	20.5	0.549499178373426	1.78403239208729	0.099404296875	84.8006104744858	230
antimycin a/pharmacology	MESH	0.0171428571428571	3	750.5	0.946903216894765	2.45949944371871	0.20681396484375	61.2397761802698	532
antineoplastic agents	MESH	0.0114285714285714	2	120.566666666667	0.677902344627895	5.41212483324053	0.5634423828125	98.9019411775118	140
antineoplastic agents hormonal/pharmacology	MESH	0.0057142857142857	1	0	0.690342979922648	6.26468250187414	0.49833984375	66.8519391433615	437
antineoplastic agents phytogenic/isolation & purification	MESH	0.0084745762711864	1	0	0.673681262281672	3.21125830575713	0.252861328125	90.3805901446272	204
antineoplastic agents/administration & dosage	MESH	0.0342857142857142	6	4961.95	0.940763866493373	11.2658789970744	0.89651123046875	68.258128611997	420
antineoplastic agents/adverse effects	MESH	0.0114285714285714	2	0	0.884520598672295	3.42115182279414	0.256552734375	59.5914941831547	552
antineoplastic agents/analysis	MESH	0.0084745762711864	1	0	0.733918907323677	2.49764534892221	0.1550390625	80.8826382122172	286
antineoplastic agents/chemistry	MESH	0.0342857142857142	6	6338.29999999999	0.979556054383932	13.9039455071343	0.91740478515625	70.1039589371514	396
antineoplastic agents/pharmacology	MESH	0.0628571428571428	11	30373.0166666667	1.13931933092223	20.8680899517515	0.982880859375	46.5856329433075	612
antineoplastic agents/therapeutic use	MESH	0.0228571428571428	4	15540.8333333333	1.07933764182953	7.83836454834852	0.87685302734375	58.3839852576113	555
antioxidants/pharmacology	MESH	0.0228571428571428	4	3395.91666666667	0.715186295127275	7.87651045355202	0.837890625	69.0084829229844	417
antitubercular agents/administration & dosage	MESH	0.0084745762711864	1	0	0.402008670062282	2.14083887050475	0.1116650390625	10.6715209219573	639
apoptosis	MESH	0.04	7	4516.5	1.155324951286	12.9614899166879	0.90844482421875	45.9514635121211	615
apoptosis/drug effects	MESH	0.0914285714285714	16	3385.3	0.684805202656237	13.6643758424534	0.894990234375	92.6792169246786	192
apoptosis/genetics	MESH	0.0084745762711864	1	0	0.579440143854626	3.21125830575713	0.252861328125	102.401318830931	109
artemisinins/pharmacology	MESH	0.0171428571428571	3	68.5	0.800251307736714	6.41185805797933	0.658505859375	72.7379853816122	370
artesunate/administration & dosage	MESH	0.0114285714285714	2	327.166666666667	0.716760753410622	3.70700949597329	0.4028466796875	77.0232461221796	342
artesunate/pharmacology	MESH	0.0057142857142857	1	9.83333333333333	0.658866299428602	2.74079859456994	0.20654296875	101.688490560366	120
arthritis rheumatoid/genetics	MESH	0.0057142857142857	1	1.81666666666667	0.597590477127069	3.52388390730421	0.303955078125	83.6389752697898	238
ascorbic acid/pharmacology	MESH	0.0114285714285714	2	387.333333333333	0.659138839782156	5.83840366755734	0.6449169921875	107.830939482471	78
asthma/chemically induced	MESH	0.0084745762711864	1	0	0.527433798749522	3.21125830575713	0.252861328125	83.1273969060371	243
asymmetric cell division/drug effects	MESH	0.0057142857142857	1	50.3	0.751145581761296	3.13234125093707	0.2818115234375	93.2973139735166	182
autophagy	MESH	0.0254237288135593	3	622.5	0.895562584017199	2.78255176221187	0.256552734375	71.1768858385116	377
autophagy/drug effects	MESH	0.0338983050847457	4	1094	0.637583049329769	9.43337077855709	0.81830322265625	90.0186622832778	207
azo compounds/chemistry	MESH	0.0084745762711864	1	0	0.673192750486277	3.56806478417459	0.28423828125	63.7139067366428	475
b7-h1 antigen/antagonists & inhibitors	MESH	0.0084745762711864	1	0	0.672594541959166	4.28167774100951	0.3645263671875	69.4163160423889	408
b7-h1 antigen/biosynthesis	MESH	0.0057142857142857	1	0	0.72319091572005	3.52388390730421	0.27685546875	77.6007041214893	335
b7-h1 antigen/metabolism	MESH	0.0171428571428571	3	13.5	0.94019155057904	7.02054305766457	0.6280224609375	56.550050843955	583
benzamides/pharmacology	MESH	0.0084745762711864	1	0	0.551916594677852	4.28167774100951	0.3645263671875	82.7896429740143	263
benzazepines/pharmacology	MESH	0.0057142857142857	1	0	0.690342979922648	6.26468250187414	0.49833984375	66.8519391433615	430
benzophenanthridines/pharmacology	MESH	0.0057142857142857	1	109.182683982684	0.742841372149271	4.23749686413912	0.4548193359375	92.7229844816893	187
benzylidene compounds/pharmacology	MESH	0.0084745762711864	1	0	0.672594541959166	4.28167774100951	0.3645263671875	69.4163160423889	411
beta catenin/antagonists & inhibitors	MESH	0.0084745762711864	1	20.5	0.549499178373426	1.78403239208729	0.099404296875	84.8006104744858	229
bevacizumab/therapeutic use	MESH	0.0084745762711864	1	0	0.691883711652601	4.28167774100951	0.3645263671875	79.0175615121783	320
biflavonoids/administration & dosage	MESH	0.0057142857142857	1	0	0.508943411513519	3.48914772935453	0.263935546875	67.7684421639273	429
biological products	MESH	0.0057142857142857	1	0	0.736703611216419	3.0976050729874	0.1984130859375	80.2646495787565	290
biological transport	MESH	0.0057142857142857	1	93.55	0.695223638351916	2.3492559382028	0.1842041015625	69.3121070404171	414
biological transport/physiology	MESH	0.0057142857142857	1	0	0.715480448588652	2.3492559382028	0.138427734375	77.0701507656993	339
biomarkers tumor	MESH	0.0114285714285714	2	1916.55	0.721894446613022	3.91542656367134	0.49504150390625	78.4049839297592	325
biomarkers tumor/metabolism	MESH	0.0084745762711864	1	0	0.67413669424849	1.42722591366984	0.046142578125	64.9604380298269	462
biomarkers/chemistry	MESH	0.0084745762711864	1	0	0.668020957300291	3.21125830575713	0.252861328125	79.575835098548	303
biomarkers/metabolism	MESH	0.0084745762711864	1	0	0.56865308772466	2.14083887050475	0.1116650390625	57.3756405306998	567
biotin/chemistry	MESH	0.0057142857142857	1	0	0.693489524569065	3.91542656367134	0.3220751953125	64.4015480068038	469
blood cells/drug effects	MESH	0.0084745762711864	1	0	1.55474202777969	0.356806478417459	1	0	2
bone neoplasms/drug therapy	MESH	0.0084745762711864	1	0	0.667917633357259	1.78403239208729	0.0802880859375	61.8356309794789	516
brain neoplasms/genetics	MESH	0.0084745762711864	1	0	0.443591086187041	1.78403239208729	0.0802880859375	43.2498542687717	622
brain neoplasms/metabolism	MESH	0.0114285714285714	2	248.566666666667	0.801233692643524	6.19668659531375	0.6664453125	102.639730044396	103
brain neoplasms/prevention & control	MESH	0.0084745762711864	1	0	0.667787081972582	1.42722591366984	0.046142578125	60.8744792190677	536
breast neoplasms/diagnosis	MESH	0.0057142857142857	1	0	0.544130768107013	1.95771328183567	0.0932080078125	78.3042126235171	326
breast neoplasms/drug therapy	MESH	0.08	14	35244.8	1.16507203859445	30.1242151503418	0.99375732421875	45.3685928917752	616
breast neoplasms/pathology	MESH	0.0084745762711864	1	0	0.67413669424849	1.42722591366984	0.046142578125	64.9604380298269	461
breast neoplasms/therapy	MESH	0.0057142857142857	1	0	0.684268037598209	1.56617062546854	0.0516796875	62.5014180952432	493
bronchi/cytology	MESH	0.0084745762711864	1	0	0.527433798749522	3.21125830575713	0.252861328125	83.1273969060371	244
buthionine sulfoximine/pharmacology	MESH	0.0057142857142857	1	0	0.651779036801122	4.30696922003847	0.389443359375	111.099631912305	45
calcium/metabolism	MESH	0.0114285714285714	2	249.583333333333	0.655236480264039	5.87313984550701	0.656083984375	99.9040747514579	137
calreticulin/metabolism	MESH	0.0057142857142857	1	0	0.625891542630842	1.95771328183567	0.0932080078125	85.453784176006	228
carbolines/administration & dosage	MESH	0.0114285714285714	2	528.470512820514	0.723530370614375	4.23897331347808	0.4927978515625	75.0148434865933	358
carbolines/pharmacology	MESH	0.0084745762711864	1	0	0.551916594677852	4.28167774100951	0.3645263671875	82.7896429740143	260
carbon monoxide/administration & dosage	MESH	0.0084745762711864	1	0	0.570034031294583	1.42722591366984	0.046142578125	57.1853588853016	575
carbon/pharmacology	MESH	0.0057142857142857	1	0	0.736703611216419	3.0976050729874	0.1984130859375	80.2646495787565	289
carbonic anhydrase ix/metabolism	MESH	0.0084745762711864	1	0	0.666881930942186	0.713612956834918	0.01107421875	63.1502389298565	482
carcinogenesis/drug effects	MESH	0.0228571428571428	4	1043.95	0.718067843396312	9.97316844718639	0.82939453125	72.2382764312281	373
carcinoma ehrlich tumor/metabolism	MESH	0.0114285714285714	2	52.5	0.827731611201371	3.25190028106263	0.328828125	74.2238444678367	362
carcinoma hepatocellular/diagnosis	MESH	0.0057142857142857	1	0	0.699336919953183	2.31451976025313	0.11443359375	69.8545988953583	402
carcinoma hepatocellular/diagnostic imaging	MESH	0.0084745762711864	1	0	0.667799623088017	1.78403239208729	0.0802880859375	61.8116104926121	519
carcinoma hepatocellular/drug therapy	MESH	0.0342857142857142	6	2715.5	1.01106432781041	12.3355829391395	0.8744140625	54.9851899694222	590
carcinoma hepatocellular/metabolism	MESH	0.0084745762711864	1	0	0.402497277895424	3.21125830575713	0.252861328125	12.0293695623159	627
carcinoma non-small-cell lung/drug therapy	MESH	0.0057142857142857	1	0	0.508943411513519	3.48914772935453	0.263935546875	67.7684421639273	428
carcinoma pancreatic ductal/drug therapy	MESH	0.0057142857142857	1	0	0.703769293771402	4.16802450823977	0.3313037109375	99.4224993647257	138
carcinoma renal cell/chemically induced	MESH	0.0057142857142857	1	1.07692307692308	0.550747095383074	5.4468610111902	0.456669921875	98.7863122046357	152
carcinoma renal cell/drug therapy	MESH	0.0114285714285714	2	196.833333333333	0.559815098642676	3.91542656367134	0.446474609375	82.0320346590701	268
carcinoma squamous cell/drug therapy	MESH	0.0084745762711864	1	0	0.597595309085875	2.49764534892221	0.1550390625	75.6719905435505	354
caspase 3/metabolism	MESH	0.0057142857142857	1	0	0.669610127203784	5.48159718913988	0.444814453125	108.706370140445	70
catalase	MESH	0.0084745762711864	1	0	0.665429174524417	3.21125830575713	0.252861328125	61.8676418569157	515
cation transport proteins	MESH	0.0084745762711864	1	0	1.55474202777969	0.713612956834918	1	0	2
cation transport proteins/biosynthesis	MESH	0.0057142857142857	1	6.68095238095238	0.600824910299997	6.26468250187414	0.590625	118.117597099793	16
cation transport proteins/genetics	MESH	0.0057142857142857	1	109.182683982684	0.742841372149271	4.23749686413912	0.4548193359375	92.7229844816893	189
cationic amino acid transporter 1/genetics	MESH	0.0057142857142857	1	1.07692307692308	0.550747095383074	5.4468610111902	0.456669921875	98.7863122046357	150
cd4-positive t-lymphocytes	MESH	0.0057142857142857	1	114.5	0.690689996856966	1.1746279691014	0.0275537109375	60.4810307431764	542
cd47 antigen/metabolism	MESH	0.0084745762711864	1	0	0.402497277895424	3.21125830575713	0.252861328125	12.0293695623159	626
cd8-positive t-lymphocytes	MESH	0.0057142857142857	1	114.5	0.690689996856966	1.1746279691014	0.0275537109375	60.4810307431764	543
cd8-positive t-lymphocytes/drug effects	MESH	0.0057142857142857	1	0	0.69453456353181	1.95771328183567	0.0932080078125	74.6777955666185	359
cd8-positive t-lymphocytes/metabolism	MESH	0.0084745762711864	1	0	0.668113860635266	2.14083887050475	0.1116650390625	62.0460023429392	510
cell adhesion	MESH	0.0057142857142857	1	0	0.690342979922648	6.26468250187414	0.49833984375	66.8519391433615	439
cell cycle checkpoints/drug effects	MESH	0.0084745762711864	1	0	0.673681262281672	3.21125830575713	0.252861328125	90.3805901446272	206
cell cycle/drug effects	MESH	0.0114285714285714	2	786.266233766233	0.818517214442516	6.16195041736408	0.70798828125	101.643153424817	121
cell death/drug effects	MESH	0.0057142857142857	1	0	0.66370171904727	5.87313984550701	0.46880859375	105.879621838505	89
cell differentiation	MESH	0.0114285714285714	2	397.8	0.811004040543553	4.91932654170228	0.5732275390625	94.4138010336938	171
cell differentiation/drug effects	MESH	0.0514285714285714	9	13218.25	1.00547170535142	14.0756575151294	0.93841552734375	86.9030495486039	221
cell line	MESH	0.0457142857142857	8	2730.78571428571	0.742533818725092	15.2218180457509	0.897607421875	117.350220321148	23
cell line transformed	MESH	0.0057142857142857	1	0	0.593723514635606	4.30696922003847	0.389443359375	70.2319605596291	389
cell line tumor/drug effects	MESH	0.0057142857142857	1	5.5	0.709684753581163	2.3492559382028	0.1593017578125	71.4458145253664	376
cell line tumor/transplantation	MESH	0.0084745762711864	1	0	0.672594541959166	4.28167774100951	0.3645263671875	69.4163160423889	410
cell membrane	MESH	0.0084745762711864	1	0	0.667895572036602	1.42722591366984	0.046142578125	61.4491934958049	529
cell membrane permeability	MESH	0.0057142857142857	1	0	0.690342979922648	6.26468250187414	0.49833984375	66.8519391433615	438
cell membrane/drug effects	MESH	0.0228571428571428	4	4086	0.89175259621193	11.0783240603884	0.88475341796875	57.6771343324623	556
cell membrane/metabolism	MESH	0.0171428571428571	3	328	1.03929117606494	7.09001541356392	0.73013916015625	50.9189149932251	601
cell movement	MESH	0.0114285714285714	2	88	0.886563238096266	11.2187452215261	0.73095703125	60.4390087163877	544
cell movement/drug effects	MESH	0.0169491525423728	2	0.8	0.858974680924938	5.9219100028412	0.4843505859375	84.4569390564463	232
cell movement/genetics	MESH	0.0084745762711864	1	0	0.55391582066499	3.92487126259205	0.32853515625	82.9377111834228	248
cell movement/physiology	MESH	0.0084745762711864	1	0	0.546264519310911	1.78403239208729	0.0802880859375	82.2591690060082	267
cell nucleus/metabolism	MESH	0.0057142857142857	1	0	0.706548137242754	5.09005453277274	0.40974609375	76.4159242736876	349
cell proliferation	MESH	0.0114285714285714	2	322.866666666667	0.706765731994008	4.69851187640561	0.5595458984375	88.2835210347651	212
cell proliferation/drug effects	MESH	0.04	7	13858.6333333333	0.97965151948507	17.9623158140785	0.96284912109375	90.4596467672313	201
cell proliferation/genetics	MESH	0.0169491525423728	2	460	0.615724767826008	6.74337305736782	0.739853515625	106.953330148511	83
cell shape	MESH	0.0057142857142857	1	0	0.706548137242754	5.09005453277274	0.40974609375	76.4159242736876	352
cell size/drug effects	MESH	0.0057142857142857	1	0	0.690342979922648	6.26468250187414	0.49833984375	66.8519391433615	431
cell survival/drug effects	MESH	0.0571428571428571	10	15244.2467532467	1.00607305224858	19.8954277563708	0.968984375	86.3299745395257	224
cell-matrix junctions/drug effects	MESH	0.0057142857142857	1	0	0.593723514635606	4.30696922003847	0.389443359375	70.2319605596291	390
cells cultured	MESH	0.0342857142857142	6	18376.6666666667	0.775400734760617	19.3116409923579	0.97207275390625	76.5004075435987	345
cellular senescence/genetics	MESH	0.0057142857142857	1	0	0.718425260996584	3.13234125093707	0.219638671875	70.5080509641555	384
cerebral cortex/drug effects	MESH	0.0084745762711864	1	0	0.462249890982249	2.85445182733967	0.1891845703125	70.9590034312371	379
cerebral hemorrhage	MESH	0.0084745762711864	1	0	0.667328021428939	0.713612956834918	0.01107421875	62.1590220035854	506
cerebrovascular disorders/drug therapy	MESH	0.0084745762711864	1	0	0.60897732488617	1.42722591366984	0.046142578125	74.6265205333221	361
ceruloplasmin/metabolism	MESH	0.0084745762711864	1	0	0.668020957300291	3.21125830575713	0.252861328125	79.575835098548	300
cetuximab/administration & dosage	MESH	0.0057142857142857	1	0	0.554438818394345	2.74079859456994	0.17349609375	87.3789607087495	218
chelating agents/pharmacology	MESH	0.0057142857142857	1	0.0833333333333333	0.586157542237994	5.48159718913988	0.4554052734375	113.50268472121	29
chemical and drug induced liver injury/etiology	MESH	0.0084745762711864	1	0	0.402008670062282	2.14083887050475	0.1116650390625	10.6715209219573	638
chlorides/chemistry	MESH	0.0084745762711864	1	0	0.659002793304022	2.85445182733967	0.1891845703125	79.0327934474464	315
chlorophyll	MESH	0.0084745762711864	1	0	0.668113860635266	2.14083887050475	0.1116650390625	62.0460023429392	508
chlorophyllides	MESH	0.0171428571428571	3	1868.78333333333	0.892734178349942	6.38128863332179	0.77039794921875	56.6012105473304	582
chlorophyllides/administration & dosage	MESH	0.0057142857142857	1	0	0.692406519180141	2.3492559382028	0.138427734375	68.1876383024228	422
chlorophyllides/chemistry	MESH	0.0057142857142857	1	0	0.586152719867957	3.13234125093707	0.219638671875	60.3364368159309	548
chlorophyllides/metabolism	MESH	0.0057142857142857	1	5.5	0.709684753581163	2.3492559382028	0.1593017578125	71.4458145253664	375
chlorophyllides/pharmacology	MESH	0.0057142857142857	1	0	0.683656823982209	2.3492559382028	0.138427734375	63.0473641071621	487
cisplatin/administration & dosage	MESH	0.0057142857142857	1	0	0.508943411513519	3.48914772935453	0.263935546875	67.7684421639273	424
cisplatin/pharmacology	MESH	0.0342857142857142	6	12573.8	0.939482266450106	14.1148851569676	0.9384375	95.4599242394814	168
coenzyme a ligases/genetics	MESH	0.0057142857142857	1	0	0.544130768107013	1.95771328183567	0.0932080078125	78.3042126235171	327
colitis/drug therapy	MESH	0.0084745762711864	1	0	0.667328021428939	0.713612956834918	0.01107421875	62.1590220035854	505
collagen/metabolism	MESH	0.0057142857142857	1	0	0.690342979922648	6.26468250187414	0.49833984375	66.8519391433615	433
colorectal neoplasms/drug therapy	MESH	0.0228571428571428	4	567.266666666667	0.580153862140444	7.16020719276392	0.7614990234375	90.4594101419945	202
coordination complexes/pharmacology	MESH	0.0084745762711864	1	0	0.667417552805356	1.42722591366984	0.046142578125	62.334280611599	500
covid-19	MESH	0.0084745762711864	1	0	0.675711675773779	0.713612956834918	0.01107421875	66.0145144539718	446
covid-19/metabolism	MESH	0.0084745762711864	1	0	0.668020957300291	3.21125830575713	0.252861328125	79.575835098548	301
covid-19/therapy	MESH	0.0084745762711864	1	0	1.55474202777969	0.356806478417459	1	0	1
crispr-cas systems	MESH	0.0057142857142857	1	0	0.699336919953183	2.31451976025313	0.11443359375	69.8545988953583	401
curcumin/pharmacology	MESH	0.0084745762711864	1	0	0.667328021428939	0.713612956834918	0.01107421875	62.1590220035854	504
cyclin-dependent kinase inhibitor p15/genetics	MESH	0.0057142857142857	1	1.07692307692308	0.550747095383074	5.4468610111902	0.456669921875	98.7863122046357	141
cyclin-dependent kinase inhibitor p16/genetics	MESH	0.0057142857142857	1	1.07692307692308	0.550747095383074	5.4468610111902	0.456669921875	98.7863122046357	148
cyclin-dependent kinase inhibitor p21/antagonists & inhibitors	MESH	0.0084745762711864	1	0	0.679073988149957	2.85445182733967	0.1891845703125	65.640428184024	450
cyclohexylamines/administration & dosage	MESH	0.0084745762711864	1	0	0.527433798749522	3.21125830575713	0.252861328125	83.1273969060371	242
cyclohexylamines/pharmacology	MESH	0.0169491525423728	2	74.25	0.546660873851879	5.67295362211544	0.5897021484375	93.0352090369336	185
cyclooxygenase 2	MESH	0.0084745762711864	1	0	1.55474202777969	0.713612956834918	1	0	3
cyclooxygenase 2/biosynthesis	MESH	0.0057142857142857	1	6.68095238095238	0.600824910299997	6.26468250187414	0.590625	118.117597099793	19
cysteine/antagonists & inhibitors	MESH	0.0084745762711864	1	0	0.579440143854626	3.21125830575713	0.252861328125	102.401318830931	110
cystine/antagonists & inhibitors	MESH	0.0057142857142857	1	11.965811965812	0.71606031879671	4.30696922003847	0.4728955078125	80.9398393901585	281
cystine/metabolism	MESH	0.0057142857142857	1	93.55	0.695223638351916	2.3492559382028	0.1842041015625	69.3121070404171	413
cytochalasin d/pharmacology	MESH	0.0057142857142857	1	0	0.706548137242754	5.09005453277274	0.40974609375	76.4159242736876	348
cytoskeleton/metabolism	MESH	0.0057142857142857	1	0	0.706548137242754	5.09005453277274	0.40974609375	76.4159242736876	350
cytosol/metabolism	MESH	0.0057142857142857	1	20.5666666666667	0.69133906755553	3.84595420777199	0.36068359375	109.371726127418	62
cytostatic agents/chemistry	MESH	0.0057142857142857	1	0	0.649447559140664	3.52388390730421	0.27685546875	101.585165278008	123
deferoxamine	MESH	0.0084745762711864	1	0	0.667914892583158	1.42722591366984	0.046142578125	61.5124043766628	528
deferoxamine/pharmacology	MESH	0.0114285714285714	2	1807.91666666667	0.754268656680391	8.37226164376818	0.8198681640625	96.4943629291268	161
deoxycytidine/analogs & derivatives	MESH	0.0057142857142857	1	20.5666666666667	0.69133906755553	3.84595420777199	0.36068359375	109.371726127418	61
depression chemical	MESH	0.0084745762711864	1	0	0.668584929253639	2.49764534892221	0.1550390625	65.6888295069297	448
digestive system diseases/drug therapy	MESH	0.0084745762711864	1	0	0.617976811002446	1.78403239208729	0.0802880859375	101.702822006455	118
dinitrophenols/pharmacology	MESH	0.0171428571428571	3	0	0.944719806892572	4.06791766814275	0.3294580078125	60.5116658744069	541
diosgenin/analogs & derivatives	MESH	0.0057142857142857	1	109.182683982684	0.742841372149271	4.23749686413912	0.4548193359375	92.7229844816893	188
disease progression	MESH	0.0285714285714285	5	2571.08333333333	0.813957389586149	15.7103164795726	0.89586669921875	104.694915169758	99
disease/etiology	MESH	0.0084745762711864	1	0	0.46853876820601	0.713612956834918	0.01107421875	46.8458609928369	608
diterpenes/pharmacology	MESH	0.0084745762711864	1	19.6666666666667	0.532583340278379	2.49764534892221	0.1911328125	62.3766441868908	497
dna	MESH	0.0057142857142857	1	0	0.686464785696831	2.3492559382028	0.138427734375	62.8163210237573	489
dna catalytic	MESH	0.0084745762711864	1	0	0.665429174524417	3.21125830575713	0.252861328125	61.8676418569157	513
dna damage	MESH	0.0114285714285714	2	198.5	0.723924960537064	6.09100161212577	0.65625	111.32890608251	41
dna primers/genetics	MESH	0.0057142857142857	1	0.0833333333333333	0.586157542237994	5.48159718913988	0.4554052734375	113.50268472121	26
docetaxel/pharmacology	MESH	0.0057142857142857	1	4.66666666666667	0.693271520713445	2.70606241662026	0.1839404296875	95.8064360205003	164
dose-response relationship drug	MESH	0.0084745762711864	1	0	0.733918907323677	2.49764534892221	0.1550390625	80.8826382122172	283
doxorubicin	MESH	0.0114285714285714	2	6	0.692727327360068	4.20276068618945	0.384267578125	63.5763488109239	478
doxorubicin/administration & dosage	MESH	0.0171428571428571	3	294.1	0.747194377374004	6.87556337419899	0.7221484375	71.9239325947813	374
doxorubicin/chemistry	MESH	0.0057142857142857	1	0	0.715480448588652	2.3492559382028	0.138427734375	77.0701507656993	340
doxorubicin/pharmacology	MESH	0.0084745762711864	1	0	0.666881935860356	1.07041943525238	0.01845703125	63.1723979655211	480
doxorubicin/therapeutic use	MESH	0.0084745762711864	1	0	0.666881935860356	1.07041943525238	0.01845703125	63.1723979655211	481
drug resistance neoplasm	MESH	0.0514285714285714	9	5684.58333333333	0.928947809513665	14.4307644834349	0.92337890625	95.1707885829161	169
drug resistance neoplasm/drug effects	MESH	0.0457142857142857	8	6815.66666666667	0.797089497694646	16.8567000709671	0.94141845703125	100.320627668085	135
drug synergism	MESH	0.188571428571429	33	17103.3	1.0500190963496	21.7278380180346	0.975146484375	55.9483575363178	587
drug tolerance/physiology	MESH	0.0057142857142857	1	6.68095238095238	0.600824910299997	6.26468250187414	0.590625	118.117597099793	12
dynamins/metabolism	MESH	0.0057142857142857	1	0	0.593723514635606	4.30696922003847	0.389443359375	70.2319605596291	394
edaravone/pharmacology	MESH	0.0084745762711864	1	0	0.490820586199156	1.42722591366984	0.046142578125	49.6086971566623	607
egtazic acid/analogs & derivatives	MESH	0.0057142857142857	1	0.0833333333333333	0.586157542237994	5.48159718913988	0.4554052734375	113.50268472121	27
embryonal carcinoma stem cells/drug effects	MESH	0.0114285714285714	2	429.383333333333	0.794968751119557	7.69486131422189	0.75709228515625	102.040765177441	114
endocytosis/drug effects	MESH	0.0084745762711864	1	0	0.49972127110549	2.14083887050475	0.1116650390625	53.7164436047793	595
endometriosis/genetics	MESH	0.0084745762711864	1	0	0.55391582066499	3.92487126259205	0.32853515625	82.9377111834228	253
endometrium/cytology	MESH	0.0084745762711864	1	0	0.55391582066499	3.92487126259205	0.32853515625	82.9377111834228	252
endoplasmic reticulum stress/drug effects	MESH	0.0084745762711864	1	0	0.679073988149957	2.85445182733967	0.1891845703125	65.640428184024	452
energy metabolism/drug effects	MESH	0.0171428571428571	3	112	0.949956089284138	4.34774036965503	0.52771728515625	59.1559409888649	553
enzyme inhibitors/chemistry	MESH	0.0084745762711864	1	0	1.55474202777969	2.49764534892221	1	0	7
enzyme inhibitors/pharmacology	MESH	0.0057142857142857	1	2.7	0.707978029125527	3.91542656367134	0.357861328125	66.3099785168423	443
epithelial cells/drug effects	MESH	0.0169491525423728	2	2040.5	0.695920417177439	6.77932308993172	0.7885302734375	80.4286351606193	288
epithelial-mesenchymal transition/drug effects	MESH	0.0114285714285714	2	283.333333333333	0.604371556631924	5.87313984550701	0.658564453125	111.228819209028	44
erbb receptors/antagonists & inhibitors	MESH	0.0057142857142857	1	0	0.554438818394345	2.74079859456994	0.17349609375	87.3789607087495	216
erbb receptors/genetics	MESH	0.0057142857142857	1	0	0.508943411513519	3.48914772935453	0.263935546875	67.7684421639273	423
erbb receptors/metabolism	MESH	0.0057142857142857	1	0	0.631032599161414	3.0976050729874	0.1928759765625	106.729765201764	87
erlotinib hydrochloride/pharmacology	MESH	0.0114285714285714	2	249.633333333333	0.710697193471537	8.44173399966753	0.7543701171875	124.107605915247	2
erythrocyte membrane	MESH	0.0057142857142857	1	0	0.686464785696831	2.3492559382028	0.138427734375	62.8163210237573	491
erythrocytes	MESH	0.0057142857142857	1	0	0.684017374921883	1.56617062546854	0.0516796875	63.76893529045	472
esters	MESH	0.0084745762711864	1	0	0.667917633357259	1.78403239208729	0.0802880859375	61.8356309794789	517
etanercept/pharmacology	MESH	0.0057142857142857	1	1.81666666666667	0.597590477127069	3.52388390730421	0.303955078125	83.6389752697898	234
ethanol	MESH	0.0084745762711864	1	0	1.55474202777969	0.713612956834918	1	0	1
everolimus/administration & dosage	MESH	0.0057142857142857	1	0	0.553510949754881	1.95771328183567	0.0932080078125	79.6963859109738	298
exosomes/drug effects	MESH	0.0084745762711864	1	0	0.672594541959166	4.28167774100951	0.3645263671875	69.4163160423889	403
exosomes/metabolism	MESH	0.0084745762711864	1	0	0.402497277895424	3.21125830575713	0.252861328125	12.0293695623159	628
extracellular matrix/drug effects	MESH	0.0057142857142857	1	0	0.593723514635606	4.30696922003847	0.389443359375	70.2319605596291	387
extracellular matrix/metabolism	MESH	0.0114285714285714	2	52.5	0.717592896973592	6.65622515824128	0.65646484375	97.3660154553325	160
fatty acids/biosynthesis	MESH	0.0057142857142857	1	0	0.536297289535054	3.91542656367134	0.3220751953125	57.4884504383686	563
fatty acids/chemistry	MESH	0.0057142857142857	1	0	0.693489524569065	3.91542656367134	0.3220751953125	64.4015480068038	468
ferric compounds	MESH	0.0114285714285714	2	0	0.876839073100184	4.78185827924253	0.398671875	56.8870356868629	580
ferric compounds/adverse effects	MESH	0.0057142857142857	1	1.07692307692308	0.550747095383074	5.4468610111902	0.456669921875	98.7863122046357	153
ferric compounds/chemistry	MESH	0.0114285714285714	2	112	0.718241585388807	6.05626543417609	0.63750244140625	73.6504710407466	368
ferritins	MESH	0.0057142857142857	1	0	0.722411314297645	1.95771328183567	0.0932080078125	79.430874935353	305
ferritins/chemistry	MESH	0.0084745762711864	1	0	0.668020957300291	3.21125830575713	0.252861328125	79.575835098548	299
ferritins/genetics	MESH	0.0057142857142857	1	1.07692307692308	0.550747095383074	5.4468610111902	0.456669921875	98.7863122046357	149
ferrocyanides/administration & dosage	MESH	0.0084745762711864	1	0	0.509905239410885	1.78403239208729	0.0802880859375	79.2060461277842	307
ferroptosis	MESH	0.24	42	85180.2	1.16640787743065	32.3591432501038	1	45.1154121411429	619
ferroptosis/drug effects	MESH	0.4	70	24404	1.16640380454698	4.64728573164628	0.66248046875	45.3660957749651	617
ferroptosis/genetics	MESH	0.0228571428571428	4	3276.82467532468	0.607426475086688	9.73703219123092	0.8686767578125	103.124117855478	102
ferroptosis/physiology	MESH	0.0254237288135593	3	1316	0.669740907011242	5.35209717626189	0.62671875	81.4713932503973	271
fibroblasts	MESH	0.0057142857142857	1	0	0.722177080105159	1.95771328183567	0.0932080078125	77.8496473599676	332
fibroblasts/cytology	MESH	0.0114285714285714	2	971.15	0.667831234480269	8.15439987714942	0.8000830078125	83.2183454179885	239
fibroblasts/drug effects	MESH	0.0057142857142857	1	0.0833333333333333	0.586157542237994	5.48159718913988	0.4554052734375	113.50268472121	32
flavonoids/pharmacology	MESH	0.0084745762711864	1	0	0.676069109736033	3.56806478417459	0.28423828125	108.610162075034	73
fluorescent dyes/metabolism	MESH	0.0084745762711864	1	0	0.402497277895424	3.21125830575713	0.252861328125	12.0293695623159	631
fluorouracil/pharmacology	MESH	0.0114285714285714	2	390.190476190476	0.609298875897658	4.59430334255658	0.55926513671875	110.661139835185	54
folic acid/analogs & derivatives	MESH	0.0057142857142857	1	0	0.586152719867957	3.13234125093707	0.219638671875	60.3364368159309	545
forkhead transcription factors/metabolism	MESH	0.0057142857142857	1	4.33333333333333	0.678778565322894	5.87313984550701	0.53330078125	118.480815448844	7
free radical scavengers/pharmacology	MESH	0.0057142857142857	1	0	0.639416947973217	4.30696922003847	0.389443359375	110.878415061792	51
friedreich ataxia/drug therapy	MESH	0.0057142857142857	1	57.8571428571429	0.664447500249252	2.74079859456994	0.22490234375	111.988282188308	40
friedreich ataxia/genetics	MESH	0.0057142857142857	1	0.0833333333333333	0.586157542237994	5.48159718913988	0.4554052734375	113.50268472121	31
friedreich ataxia/mortality	MESH	0.0057142857142857	1	0	0.669610127203784	5.48159718913988	0.444814453125	108.706370140445	63
fusion regulatory protein 1 heavy chain/metabolism	MESH	0.0084745762711864	1	0	0.551916594677852	4.28167774100951	0.3645263671875	82.7896429740143	256
gallic acid/chemistry	MESH	0.0084745762711864	1	0	0.673192750486277	3.56806478417459	0.28423828125	63.7139067366428	473
gamma-glutamyltransferase/metabolism	MESH	0.0057142857142857	1	93.55	0.695223638351916	2.3492559382028	0.1842041015625	69.3121070404171	412
gastritis	MESH	0.0084745762711864	1	0	0.667328021428939	0.713612956834918	0.01107421875	62.1590220035854	507
gene expression regulation developmental	MESH	0.0057142857142857	1	0	0.718425260996584	3.13234125093707	0.219638671875	70.5080509641555	386
gene expression regulation neoplastic	MESH	0.04	7	4078.26666666667	0.640428951731011	16.2393273983995	0.92310546875	109.583435083395	58
gene expression regulation neoplastic/drug effects	MESH	0.0285714285714285	5	3613.83333333333	0.843151544608981	15.9296546955303	0.9155859375	105.709773789987	98
gene expression regulation/drug effects	MESH	0.0114285714285714	2	2497.06428571429	0.81001338868443	8.40699782171786	0.83548828125	107.748560542927	79
gene expression/genetics	MESH	0.0169491525423728	2	443.5	0.563607874893487	5.31614714369798	0.5958544921875	82.8554149314704	255
gene products tat/physiology	MESH	0.0057142857142857	1	0	0.669610127203784	5.48159718913988	0.444814453125	108.706370140445	64
gene regulatory networks	MESH	0.0057142857142857	1	1.07692307692308	0.550747095383074	5.4468610111902	0.456669921875	98.7863122046357	145
gene regulatory networks/drug effects	MESH	0.0084745762711864	1	0	0.617976811002446	1.78403239208729	0.0802880859375	101.702822006455	115
genes reporter/drug effects	MESH	0.0057142857142857	1	0	0.639416947973217	4.30696922003847	0.389443359375	110.878415061792	50
glioblastoma/drug therapy	MESH	0.0171428571428571	3	853.1	0.791426996069775	7.37131456441515	0.777978515625	108.236441011311	76
glioblastoma/genetics	MESH	0.0084745762711864	1	0	0.443591086187041	1.78403239208729	0.0802880859375	43.2498542687717	623
glioblastoma/metabolism	MESH	0.0057142857142857	1	45.8666666666667	0.687006925485709	3.13234125093707	0.2794873046875	111.273416998823	43
glioma/metabolism	MESH	0.0057142857142857	1	0	0.651779036801122	4.30696922003847	0.389443359375	111.099631912305	46
glucose oxidase/chemistry	MESH	0.0084745762711864	1	0	0.673192750486277	3.56806478417459	0.28423828125	63.7139067366428	477
glucose/antagonists & inhibitors	MESH	0.0057142857142857	1	11.965811965812	0.71606031879671	4.30696922003847	0.4728955078125	80.9398393901585	279
glucose/metabolism	MESH	0.0228571428571428	4	2050	1.01776097079595	2.85668923283031	0.2937109375	56.6036046274978	581
glucose/pharmacology	MESH	0.0114285714285714	2	52.5	0.827731611201371	3.25190028106263	0.328828125	74.2238444678367	363
glutamate dehydrogenase/antagonists & inhibitors	MESH	0.0057142857142857	1	1.73333333333333	0.640724662681947	3.13234125093707	0.238232421875	100.835917294116	129
glutamine/antagonists & inhibitors	MESH	0.0057142857142857	1	11.965811965812	0.71606031879671	4.30696922003847	0.4728955078125	80.9398393901585	274
glutaredoxins/antagonists & inhibitors	MESH	0.0057142857142857	1	0	0.65942611229438	3.13234125093707	0.219638671875	107.134288349656	82
glutathione	MESH	0.0228571428571428	4	3	1.12353106244921	5.53405044316778	0.49880126953125	46.3544740779386	613
glutathione disulfide/deficiency	MESH	0.0057142857142857	1	93.55	0.695223638351916	2.3492559382028	0.1842041015625	69.3121070404171	415
glutathione peroxidase/metabolism	MESH	0.0057142857142857	1	1.73333333333333	0.640724662681947	3.13234125093707	0.238232421875	100.835917294116	132
glutathione/antagonists & inhibitors	MESH	0.0057142857142857	1	11.965811965812	0.71606031879671	4.30696922003847	0.4728955078125	80.9398393901585	277
glutathione/biosynthesis	MESH	0.0114285714285714	2	234.071428571429	0.751236668729577	4.2722330420888	0.4764306640625	87.6408455457693	214
glutathione/metabolism	MESH	0.0342857142857142	6	4106.05	0.808545953652371	15.4324270559752	0.9187646484375	78.2150583556041	328
glutathione/pharmacology	MESH	0.0114285714285714	2	1	0.639000872209576	4.30696922003847	0.4028369140625	97.9082385419976	154
glutathione/therapeutic use	MESH	0.0084745762711864	1	0	0.402008670062282	2.14083887050475	0.1116650390625	10.6715209219573	636
glypicans/therapeutic use	MESH	0.0084745762711864	1	0	0.667799623088017	1.78403239208729	0.0802880859375	61.8116104926121	520
golgi apparatus/metabolism	MESH	0.0084745762711864	1	0	0.56865308772466	2.14083887050475	0.1116650390625	57.3756405306998	569
head and neck neoplasms/drug therapy	MESH	0.0114285714285714	2	498.5	0.76841002563096	5.80514393894662	0.65542236328125	109.630389797804	57
heart/physiology	MESH	0.0057142857142857	1	0	0.669610127203784	5.48159718913988	0.444814453125	108.706370140445	71
hek293 cells/metabolism	MESH	0.0084745762711864	1	0	0.402497277895424	3.21125830575713	0.252861328125	12.0293695623159	634
heme oxygenase-1/genetics	MESH	0.0057142857142857	1	0	0.508943411513519	3.48914772935453	0.263935546875	67.7684421639273	426
hemin	MESH	0.0084745762711864	1	0	0.665429174524417	3.21125830575713	0.252861328125	61.8676418569157	512
hemin/chemistry	MESH	0.0084745762711864	1	0	0.611091494685928	2.49764534892221	0.1550390625	79.0590365578666	313
hemin/pharmacology	MESH	0.0114285714285714	2	2	0.876849518362017	4.17097740691769	0.365625	57.0828714646641	579
hemoglobins/chemistry	MESH	0.0084745762711864	1	0	0.733918907323677	2.49764534892221	0.1550390625	80.8826382122172	285
hemolysis	MESH	0.0057142857142857	1	0	0.716976134725158	2.74079859456994	0.17349609375	73.9966776540356	366
hemorrhage	MESH	0.0084745762711864	1	0	0.667914892583158	1.42722591366984	0.046142578125	61.5124043766628	526
hep g2 cells	MESH	0.04	7	7015.03333333333	1.03941890618321	12.7267979412418	0.91287109375	52.6325577834076	596
heterografts	MESH	0.0084745762711864	1	0	0.402497277895424	3.21125830575713	0.252861328125	12.0293695623159	630
histones/genetics	MESH	0.0057142857142857	1	11.965811965812	0.71606031879671	4.30696922003847	0.4728955078125	80.9398393901585	276
histones/metabolism	MESH	0.0057142857142857	1	4.33333333333333	0.678778565322894	5.87313984550701	0.53330078125	118.480815448844	9
hl-60 cells	MESH	0.0057142857142857	1	0	0.649447559140664	3.52388390730421	0.27685546875	101.585165278008	124
homeostasis	MESH	0.0171428571428571	3	529.666666666667	0.942335453569497	6.81212598996652	0.74659423828125	84.6628964744479	231
homeostasis/drug effects	MESH	0.0171428571428571	3	716.6	0.601297217397416	6.51728044644258	0.747880859375	91.8764034518563	195
homocysteine/genetics	MESH	0.0084745762711864	1	0	0.579440143854626	3.21125830575713	0.252861328125	102.401318830931	111
homozygote	MESH	0.0057142857142857	1	1.07692307692308	0.550747095383074	5.4468610111902	0.456669921875	98.7863122046357	143
hsp27 heat-shock proteins/genetics	MESH	0.0084745762711864	1	0	0.443591086187041	1.78403239208729	0.0802880859375	43.2498542687717	624
human umbilical vein endothelial cells	MESH	0.0084745762711864	1	0	0.611091494685928	2.49764534892221	0.1550390625	79.0590365578666	311
hyaluronic acid/chemistry	MESH	0.0084745762711864	1	0	0.672594541959166	4.28167774100951	0.3645263671875	69.4163160423889	407
hydrogels	MESH	0.0057142857142857	1	0	0.690342979922648	6.26468250187414	0.49833984375	66.8519391433615	435
hydrogen peroxide	MESH	0.0084745762711864	1	0	0.665429174524417	3.21125830575713	0.252861328125	61.8676418569157	511
hydrogen peroxide/pharmacology	MESH	0.0228571428571428	4	538.383333333334	0.732005972331483	12.0683499914818	0.81263671875	95.7404395576259	167
hydrogen peroxide/therapeutic use	MESH	0.0084745762711864	1	0	0.667895572036602	1.42722591366984	0.046142578125	61.4491934958049	531
hydroxyl radical/metabolism	MESH	0.0084745762711864	1	0	0.611091494685928	2.49764534892221	0.1550390625	79.0590365578666	314
hyperalgesia/drug therapy	MESH	0.0057142857142857	1	6.68095238095238	0.600824910299997	6.26468250187414	0.590625	118.117597099793	20
hypotonic solutions/pharmacology	MESH	0.0057142857142857	1	0	0.690342979922648	6.26468250187414	0.49833984375	66.8519391433615	436
hypoxia	MESH	0.0084745762711864	1	0	0.667146781293085	1.42722591366984	0.046142578125	63.1198688283562	485
hypoxia-inducible factor 1 alpha subunit	MESH	0.0084745762711864	1	0	0.665429174524417	3.21125830575713	0.252861328125	61.8676418569157	514
hypoxia/drug therapy	MESH	0.0171428571428571	3	22	0.882153973108834	7.12963776810638	0.6492041015625	56.1997048804471	584
imidazoles/chemistry	MESH	0.0114285714285714	2	24	0.730506325181506	6.4825442684929	0.63433837890625	77.0677888002342	341
imidazoles/pharmacology	MESH	0.0171428571428571	3	972.966666666666	0.762372773453214	9.61488551942998	0.8167236328125	88.1192190358647	213
immune checkpoint inhibitors/pharmacology	MESH	0.0084745762711864	1	0	0.672594541959166	4.28167774100951	0.3645263671875	69.4163160423889	409
immunogenic cell death	MESH	0.0084745762711864	1	0	0.668851234540648	1.07041943525238	0.01845703125	60.7478673595443	540
immunogenic cell death/drug effects	MESH	0.0057142857142857	1	1.73333333333333	0.640724662681947	3.13234125093707	0.238232421875	100.835917294116	131
immunologic memory	MESH	0.0084745762711864	1	0	0.672594541959166	4.28167774100951	0.3645263671875	69.4163160423889	406
indoles/chemistry	MESH	0.0057142857142857	1	0	0.586152719867957	3.13234125093707	0.219638671875	60.3364368159309	549
indoles/pharmacology	MESH	0.0057142857142857	1	1.73333333333333	0.640724662681947	3.13234125093707	0.238232421875	100.835917294116	130
inflammation	MESH	0.0057142857142857	1	6.68095238095238	0.600824910299997	6.26468250187414	0.590625	118.117597099793	17
inflammation/metabolism	MESH	0.0084745762711864	1	0	0.668020957300291	3.21125830575713	0.252861328125	79.575835098548	302
insulin/pharmacology	MESH	0.0114285714285714	2	0	0.808845011783823	2.67280268800954	0.1578076171875	68.3967203283283	419
integrases/metabolism	MESH	0.0057142857142857	1	0	0.669610127203784	5.48159718913988	0.444814453125	108.706370140445	68
interferon-gamma/metabolism	MESH	0.0057142857142857	1	0	0.694700663336733	3.91542656367134	0.3220751953125	91.558117153396	198
interleukin-1/pharmacology	MESH	0.0114285714285714	2	1164	0.670037119803702	4.69851187640561	0.60048828125	70.1771955470752	395
interleukin-13/pharmacology	MESH	0.0084745762711864	1	0	0.527433798749522	3.21125830575713	0.252861328125	83.1273969060371	241
interleukin-6/pharmacology	MESH	0.0057142857142857	1	0	0.536297289535054	3.91542656367134	0.3220751953125	57.4884504383686	565
intracellular signaling peptides and proteins/biosynthesis	MESH	0.0057142857142857	1	0	0.718425260996584	3.13234125093707	0.219638671875	70.5080509641555	383
intracellular signaling peptides and proteins/metabolism	MESH	0.0084745762711864	1	0	0.669297961239839	1.42722591366984	0.046142578125	63.890154472119	471
iodates/adverse effects	MESH	0.0084745762711864	1	0	0.509905239410885	1.78403239208729	0.0802880859375	79.2060461277842	310
iridium/pharmacology	MESH	0.0084745762711864	1	0	0.667417552805356	1.42722591366984	0.046142578125	62.334280611599	501
iron	MESH	0.0228571428571428	4	2753.5	1.12431455873195	8.02418437108416	0.8338134765625	46.2332364025102	614
iron compounds/administration & dosage	MESH	0.0084745762711864	1	0	0.570034031294583	1.42722591366984	0.046142578125	57.1853588853016	577
iron overload/drug therapy	MESH	0.0114285714285714	2	2576.13095238095	0.800890178201395	7.72812104283261	0.821044921875	102.440103651175	107
iron-binding proteins	MESH	0.0057142857142857	1	0.0833333333333333	0.586157542237994	5.48159718913988	0.4554052734375	113.50268472121	30
iron-binding proteins/genetics	MESH	0.0057142857142857	1	57.8571428571429	0.664447500249252	2.74079859456994	0.22490234375	111.988282188308	39
iron-binding proteins/physiology	MESH	0.0057142857142857	1	0	0.669610127203784	5.48159718913988	0.444814453125	108.706370140445	69
iron/administration & dosage	MESH	0.0084745762711864	1	0	0.402008670062282	2.14083887050475	0.1116650390625	10.6715209219573	635
iron/chemistry	MESH	0.0114285714285714	2	1.33333333333333	0.801723151281152	3.74469857260088	0.3065185546875	95.153282349479	170
iron/metabolism	MESH	0.0971428571428571	17	18829.9714285714	0.980561175406719	22.3664818024199	0.97978515625	86.8458541832061	223
iron/therapeutic use	MESH	0.0084745762711864	1	0	0.668745147615503	1.42722591366984	0.046142578125	61.1582365257578	534
isocitrate dehydrogenase/genetics	MESH	0.0057142857142857	1	4.33333333333333	0.678778565322894	5.87313984550701	0.53330078125	118.480815448844	6
isografts	MESH	0.0084745762711864	1	0	0.667787081972582	1.42722591366984	0.046142578125	60.8744792190677	538
isoniazid/administration & dosage	MESH	0.0084745762711864	1	0	0.402008670062282	2.14083887050475	0.1116650390625	10.6715209219573	640
keloid/drug therapy	MESH	0.0057142857142857	1	0	0.722177080105159	1.95771328183567	0.0932080078125	77.8496473599676	331
ketoglutaric acids/metabolism	MESH	0.0114285714285714	2	1	0.681781659002994	5.09005453277274	0.423837890625	102.338655046349	113
ketone bodies/biosynthesis	MESH	0.0057142857142857	1	0	0.536297289535054	3.91542656367134	0.3220751953125	57.4884504383686	558
ketones/chemistry	MESH	0.0057142857142857	1	0	0.649193365808336	2.3492559382028	0.138427734375	93.6958786347571	174
ketones/pharmacology	MESH	0.0057142857142857	1	1.81666666666667	0.597590477127069	3.52388390730421	0.303955078125	83.6389752697898	235
kidney	MESH	0.0057142857142857	1	0	0.727364026279356	2.74079859456994	0.17349609375	79.9749272307901	293
kidney/drug effects	MESH	0.0084745762711864	1	0	0.402497277895424	3.21125830575713	0.252861328125	12.0293695623159	629
lactoferrin/pharmacology	MESH	0.0057142857142857	1	2.7	0.707978029125527	3.91542656367134	0.357861328125	66.3099785168423	445
leukemia myeloid/metabolism	MESH	0.0057142857142857	1	0	0.649447559140664	3.52388390730421	0.27685546875	101.585165278008	122
lipid metabolism/drug effects	MESH	0.0171428571428571	3	0	0.744114126114039	5.83840366755734	0.4531201171875	85.8889370735383	226
lipid metabolism/genetics	MESH	0.0057142857142857	1	0	0.649193365808336	2.3492559382028	0.138427734375	93.6958786347571	175
lipid peroxides	MESH	0.0084745762711864	1	0	0.667799623088017	1.78403239208729	0.0802880859375	61.8116104926121	521
lipid peroxides/therapeutic use	MESH	0.0057142857142857	1	0	0.684268037598209	1.56617062546854	0.0516796875	62.5014180952432	494
lipids/biosynthesis	MESH	0.0057142857142857	1	4.33333333333333	0.678778565322894	5.87313984550701	0.53330078125	118.480815448844	8
lipids/chemistry	MESH	0.0057142857142857	1	0	0.685972010090202	2.3492559382028	0.138427734375	61.6964175353039	522
lipids/toxicity	MESH	0.0084745762711864	1	0	0.49972127110549	2.14083887050475	0.1116650390625	53.7164436047793	592
lipocalin-2/genetics	MESH	0.0057142857142857	1	1.07692307692308	0.550747095383074	5.4468610111902	0.456669921875	98.7863122046357	147
liver neoplasms/drug therapy	MESH	0.0057142857142857	1	0	0.682670873466386	2.67132623867059	0.156884765625	65.5643994097366	454
liver/cytology	MESH	0.0171428571428571	3	0	0.688438461377954	3.91542656367134	0.3220751953125	65.7897452408089	447
liver/drug effects	MESH	0.0171428571428571	3	9414	0.540437011981056	9.26752373993323	0.88701171875	51.8810103800479	597
longevity/physiology	MESH	0.0057142857142857	1	0	0.669610127203784	5.48159718913988	0.444814453125	108.706370140445	72
lung diseases/drug therapy	MESH	0.0084745762711864	1	0	0.64348469038971	1.78403239208729	0.0802880859375	97.5628177595511	157
lung neoplasms/drug therapy	MESH	0.0114285714285714	2	236.4	0.702297696109044	6.58675280234193	0.7076416015625	72.6031981803715	371
lung/drug effects	MESH	0.0084745762711864	1	0	0.462249890982249	2.85445182733967	0.1891845703125	70.9590034312371	382
lymphocytes/drug effects	MESH	0.0114285714285714	2	14	0.675539909945488	2.74079859456994	0.21205078125	96.1175858367608	162
lymphoma/drug therapy	MESH	0.0057142857142857	1	0	0.649193365808336	2.3492559382028	0.138427734375	93.6958786347571	176
lysosomes/drug effects	MESH	0.0171428571428571	3	1886	0.702235707802022	7.30036575917685	0.7986328125	60.204953580022	550
lysosomes/metabolism	MESH	0.0057142857142857	1	0	0.716976134725158	2.74079859456994	0.17349609375	73.9966776540356	367
macrolides/pharmacology	MESH	0.0057142857142857	1	2.7	0.707978029125527	3.91542656367134	0.357861328125	66.3099785168423	442
macromolecular substances/administration & dosage	MESH	0.0084745762711864	1	0	0.597595309085875	2.49764534892221	0.1550390625	75.6719905435505	357
macular degeneration/chemically induced	MESH	0.0084745762711864	1	0	0.509905239410885	1.78403239208729	0.0802880859375	79.2060461277842	309
macular degeneration/genetics	MESH	0.0114285714285714	2	147	0.74395256296426	6.70188248445062	0.70212890625	92.4125123532343	193
macular degeneration/pathology	MESH	0.0057142857142857	1	0	0.561251896181063	1.56617062546854	0.0516796875	89.1863301252722	209
maleic anhydrides/chemistry	MESH	0.0057142857142857	1	0	0.716976134725158	2.74079859456994	0.17349609375	73.9966776540356	364
malondialdehyde/metabolism	MESH	0.0114285714285714	2	1668.02142857143	0.79144131159574	10.3647111035535	0.83953125	106.357987240088	88
malonyl coenzyme a/metabolism	MESH	0.0057142857142857	1	0	0.536297289535054	3.91542656367134	0.3220751953125	57.4884504383686	561
mammary neoplasms animal/drug therapy	MESH	0.0057142857142857	1	6.33333333333333	0.619434642059455	2.3492559382028	0.160400390625	70.0133552800244	397
manganese compounds	MESH	0.0084745762711864	1	0	0.673038763744269	1.78403239208729	0.0802880859375	64.8842559579979	464
manganese compounds/chemistry	MESH	0.0114285714285714	2	39.3333333333333	0.678152075249081	6.1272142394144	0.59991943359375	78.5316626208496	324
mcf-7 cells	MESH	0.0342857142857142	6	1479.83333333333	1.04335616202794	15.6390400200694	0.871650390625	50.6008495382111	602
mebendazole/analogs & derivatives	MESH	0.0057142857142857	1	143.27380952381	0.758189382628063	3.91542656367134	0.44306640625	93.5983880868127	180
melanoma/drug therapy	MESH	0.0171428571428571	3	558.181818181818	0.709262656980849	7.16142104737815	0.76010498046875	100.735937219492	134
membrane potential mitochondrial/drug effects	MESH	0.0114285714285714	2	2818.5	0.704896597074248	6.55349307373121	0.80017822265625	97.7721500684507	156
metabolism	MESH	0.0084745762711864	1	0	0.46853876820601	0.713612956834918	0.01107421875	46.8458609928369	609
metal-organic frameworks/chemistry	MESH	0.0057142857142857	1	6.33333333333333	0.619434642059455	2.3492559382028	0.160400390625	70.0133552800244	398
metal-organic frameworks/pharmacology	MESH	0.0114285714285714	2	66.5	0.883202726081641	5.63146304919824	0.582548828125	59.9948155370126	551
metal-organic frameworks/therapeutic use	MESH	0.0084745762711864	1	0	0.667895572036602	1.42722591366984	0.046142578125	61.4491934958049	530
methionine/antagonists & inhibitors	MESH	0.0084745762711864	1	0	0.579440143854626	3.21125830575713	0.252861328125	102.401318830931	112
methylene blue/pharmacology	MESH	0.0057142857142857	1	0	0.685972010090202	2.3492559382028	0.138427734375	61.6964175353039	523
micrornas/genetics	MESH	0.0084745762711864	1	0	0.55391582066499	3.92487126259205	0.32853515625	82.9377111834228	249
mitochondria	MESH	0.0114285714285714	2	0	0.876153983185105	3.029609166427	0.1910302734375	57.2217423255568	574
mitochondria/drug effects	MESH	0.0685714285714285	12	13524	0.952199231627508	14.0279782486894	0.938388671875	93.6768364315289	177
mitochondria/metabolism	MESH	0.0285714285714285	5	4638.2	0.801937120520936	12.3239008347282	0.89951171875	92.2188295228269	194
mitochondria/pathology	MESH	0.0084745762711864	1	0	0.546264519310911	1.78403239208729	0.0802880859375	82.2591690060082	265
mitochondrial dynamics/drug effects	MESH	0.0057142857142857	1	0	0.593723514635606	4.30696922003847	0.389443359375	70.2319605596291	392
mitochondrial membrane transport proteins/genetics	MESH	0.0057142857142857	1	0	0.629093931208991	4.2722330420888	0.3423779296875	112.844416930708	34
mitochondrial membranes/drug effects	MESH	0.0057142857142857	1	0	0.693589928809672	3.91542656367134	0.3220751953125	65.370981038245	456
mitochondrial membranes/metabolism	MESH	0.0057142857142857	1	0	0.693489524569065	3.91542656367134	0.3220751953125	64.4015480068038	466
mitochondrial proteins/metabolism	MESH	0.0114285714285714	2	3652.73333333333	0.895488404211501	9.19303603313003	0.8597900390625	57.2627709557545	573
mitogen-activated protein kinase 7/genetics	MESH	0.0057142857142857	1	0	0.651779036801122	4.30696922003847	0.389443359375	111.099631912305	48
mitophagy/physiology	MESH	0.0084745762711864	1	0	0.546264519310911	1.78403239208729	0.0802880859375	82.2591690060082	266
molecular probes/chemistry	MESH	0.0084745762711864	1	0	1.55474202777969	2.49764534892221	1	0	1
monocarboxylic acid transporters/genetics	MESH	0.0057142857142857	1	0	0.629093931208991	4.2722330420888	0.3423779296875	112.844416930708	36
morphine/administration & dosage	MESH	0.0057142857142857	1	6.68095238095238	0.600824910299997	6.26468250187414	0.590625	118.117597099793	15
motor neurons/drug effects	MESH	0.0084745762711864	1	0	0.490820586199156	1.42722591366984	0.046142578125	49.6086971566623	606
mptp poisoning/drug therapy	MESH	0.0084745762711864	1	0	0.620630987174283	1.78403239208729	0.0802880859375	102.478221735903	106
mutation	MESH	0.0171428571428571	3	4460.56666666667	0.788109992438086	9.72057050261796	0.88171875	101.127473466713	128
mutation/genetics	MESH	0.0057142857142857	1	4.33333333333333	0.678778565322894	5.87313984550701	0.53330078125	118.480815448844	5
myocardial infarction/metabolism	MESH	0.0084745762711864	1	0	0.695542696485971	2.85445182733967	0.1891845703125	79.7612815556383	296
myocardial reperfusion injury/metabolism	MESH	0.0084745762711864	1	0	0.695542696485971	2.85445182733967	0.1891845703125	79.7612815556383	297
myocardium/cytology	MESH	0.0171428571428571	3	426	0.944999128781029	1.99996088079118	0.13546875	60.8024986858155	539
myocytes cardiac/drug effects	MESH	0.0084745762711864	1	0	0.695542696485971	2.85445182733967	0.1891845703125	79.7612815556383	295
n-acetylgalactosaminyltransferases/metabolism	MESH	0.0057142857142857	1	0	0.631032599161414	3.0976050729874	0.1928759765625	106.729765201764	86
nadp/metabolism	MESH	0.0057142857142857	1	4.33333333333333	0.678778565322894	5.87313984550701	0.53330078125	118.480815448844	10
necroptosis/drug effects	MESH	0.0228571428571428	4	20145.3833333333	1.13229395392333	11.0190573595615	0.9241552734375	46.6740305864197	610
necrosis	MESH	0.0084745762711864	1	0	0.64348469038971	1.78403239208729	0.0802880859375	97.5628177595511	158
neoplasm invasiveness	MESH	0.0169491525423728	2	0.8	0.858974680924938	5.9219100028412	0.4843505859375	84.4569390564463	233
neoplasm metastasis	MESH	0.0057142857142857	1	0	0.736280189515659	3.13234125093707	0.219638671875	81.5422490067294	270
neoplasms	MESH	0.0084745762711864	1	0	0.667781354710326	1.07041943525238	0.01845703125	62.2874443742811	502
neoplasms/diagnosis	MESH	0.0084745762711864	1	0	0.668020957300291	3.21125830575713	0.252861328125	79.575835098548	304
neoplasms/diagnostic imaging	MESH	0.0228571428571428	4	2804.73333333333	0.88271481981062	6.34655245537212	0.78865234375	55.6215104775031	588
neoplasms/drug therapy	MESH	0.114285714285714	20	58302.8034188034	1.16640403562929	23.8249290797202	0.9922021484375	45.3020616474555	618
neoplasms/pathology	MESH	0.0114285714285714	2	727	0.702119266091675	2.56711770482156	0.2310546875	68.7237717146878	418
neoplasms/therapy	MESH	0.0114285714285714	2	1.73333333333333	0.740136139591239	3.52388390730421	0.30029296875	81.0660726024753	273
neoplastic stem cells/drug effects	MESH	0.0457142857142857	8	7113.51666666667	1.0047868057215	17.955199105777	0.945986328125	86.9088333728868	220
neoplastic stem cells/metabolism	MESH	0.0057142857142857	1	0	0.736280189515659	3.13234125093707	0.219638671875	81.5422490067294	269
neoplastic stem cells/pathology	MESH	0.0084745762711864	1	0	0.695176219043531	1.07041943525238	0.01845703125	76.1390608578758	353
nervous system diseases/drug therapy	MESH	0.0084745762711864	1	0	0.617976811002446	1.78403239208729	0.0802880859375	101.702822006455	117
neuroblastoma/pathology	MESH	0.0057142857142857	1	0	0.66370171904727	5.87313984550701	0.46880859375	105.879621838505	93
neurodegenerative diseases/drug therapy	MESH	0.0084745762711864	1	0	0.666878741750637	0.356806478417459	0.001845703125	63.1846627278568	479
neuroendocrine tumors/drug therapy	MESH	0.0084745762711864	1	0	0.679073988149957	2.85445182733967	0.1891845703125	65.640428184024	453
neurons/drug effects	MESH	0.0171428571428571	3	977.5	0.589725377213498	12.643018236518	0.8403515625	117.576275097309	22
neuroprotective agents/administration & dosage	MESH	0.0084745762711864	1	0	0.60897732488617	1.42722591366984	0.046142578125	74.6265205333221	360
neuroprotective agents/pharmacology	MESH	0.0084745762711864	1	0	0.490820586199156	1.42722591366984	0.046142578125	49.6086971566623	604
neurotoxicity syndromes/etiology	MESH	0.0084745762711864	1	0	0.462249890982249	2.85445182733967	0.1891845703125	70.9590034312371	378
nf-e2-related factor 2/antagonists & inhibitors	MESH	0.0057142857142857	1	0	0.586152719867957	3.13234125093707	0.219638671875	60.3364368159309	546
nf-e2-related factor 2/genetics	MESH	0.0171428571428571	3	649.142857142857	0.630407577733725	4.84690128712502	0.58882080078125	118.256405670852	11
nf-e2-related factor 2/metabolism	MESH	0.0171428571428571	3	1564.4	0.613705384990058	9.64962169737965	0.82965087890625	73.4592879892478	369
nf-kappa b/metabolism	MESH	0.0114285714285714	2	375.133333333333	0.821671927471861	8.08640397058903	0.75375	99.1738873480611	139
niacinamide/administration & dosage	MESH	0.0084745762711864	1	0	0.679073988149957	2.85445182733967	0.1891845703125	65.640428184024	451
nih 3t3 cells	MESH	0.0057142857142857	1	0	0.687519210154823	1.95771328183567	0.0932080078125	62.457328674866	496
nitriles/chemistry	MESH	0.0084745762711864	1	0	1.55474202777969	2.49764534892221	1	0	3
nitriles/pharmacology	MESH	0.0084745762711864	1	0	0.551916594677852	4.28167774100951	0.3645263671875	82.7896429740143	259
nitrilotriacetic acid/adverse effects	MESH	0.0057142857142857	1	1.07692307692308	0.550747095383074	5.4468610111902	0.456669921875	98.7863122046357	144
nuclear proteins/metabolism	MESH	0.0057142857142857	1	0	0.593723514635606	4.30696922003847	0.389443359375	70.2319605596291	393
oligomycins/pharmacology	MESH	0.0228571428571428	4	457	1.0165358633425	5.24819276998863	0.5956103515625	57.5401649582824	557
oncogene proteins/antagonists & inhibitors	MESH	0.0057142857142857	1	0	0.66370171904727	5.87313984550701	0.46880859375	105.879621838505	91
onium compounds/pharmacology	MESH	0.0057142857142857	1	0	0.639416947973217	4.30696922003847	0.389443359375	110.878415061792	53
organoids/drug effects	MESH	0.0084745762711864	1	19.6666666666667	0.532583340278379	2.49764534892221	0.1911328125	62.3766441868908	498
osteosarcoma/drug therapy	MESH	0.0084745762711864	1	0	0.667917633357259	1.78403239208729	0.0802880859375	61.8356309794789	518
ovalbumin/adverse effects	MESH	0.0084745762711864	1	0	0.527433798749522	3.21125830575713	0.252861328125	83.1273969060371	240
ovarian neoplasms/drug therapy	MESH	0.0169491525423728	2	34	0.731494994737269	4.95934066528052	0.5066796875	107.50352169351	80
ovary/pathology	MESH	0.0057142857142857	1	0	0.631032599161414	3.0976050729874	0.1984130859375	106.733450840191	85
oxidants/chemistry	MESH	0.0057142857142857	1	0	0.721557324586195	1.95771328183567	0.0932080078125	77.6161869166882	333
oxidants/pharmacology	MESH	0.0057142857142857	1	0	0.572391298099274	2.3492559382028	0.138427734375	108.301442346842	75
oxidative stress	MESH	0.0571428571428571	10	10182.15	0.768482424619476	18.3609097615422	0.9551513671875	112.25499638093	38
oxidative stress/drug effects	MESH	0.04	7	7152.99761904762	0.754346714964923	16.1091118923342	0.9429931640625	116.218113909256	24
oxidative stress/genetics	MESH	0.0114285714285714	2	0	0.736197779903866	3.84743065711095	0.2906982421875	76.620163842993	344
oxides	MESH	0.0084745762711864	1	0	0.673038763744269	1.78403239208729	0.0802880859375	64.8842559579979	463
oxides/chemistry	MESH	0.0084745762711864	1	0	1.55474202777969	2.49764534892221	1	0	8
oxygen	MESH	0.0171428571428571	3	70.3333333333333	1.04251917138158	6.91633452381555	0.67313232421875	51.1608672638642	599
oxygen consumption/drug effects	MESH	0.0628571428571428	11	3.5	1.05001884098446	6.14483014303464	0.53310546875	55.9827158027608	585
oxygen/analysis	MESH	0.0084745762711864	1	0	0.733918907323677	2.49764534892221	0.1550390625	80.8826382122172	287
oxygen/metabolism	MESH	0.0084745762711864	1	0	0.611091494685928	2.49764534892221	0.1550390625	79.0590365578666	312
oxygen/pharmacology	MESH	0.0057142857142857	1	0	0.683656823982209	2.3492559382028	0.138427734375	63.0473641071621	486
p38 mitogen-activated protein kinases/antagonists & inhibitors	MESH	0.0057142857142857	1	0	0.651779036801122	4.30696922003847	0.389443359375	111.099631912305	47
pancreatic neoplasms	MESH	0.0057142857142857	1	20.5666666666667	0.69133906755553	3.84595420777199	0.3618359375	109.372493156227	59
pancreatic neoplasms/drug therapy	MESH	0.0114285714285714	2	35	0.694653824312004	5.87313984550701	0.591591796875	64.0739384060518	470
pc12 cells	MESH	0.0169491525423728	2	2208.5	0.624317964220584	4.63848421942697	0.61193603515625	103.61845619538	101
peptide elongation factors/metabolism	MESH	0.0057142857142857	1	0	0.593723514635606	4.30696922003847	0.389443359375	70.2319605596291	391
peptide fragments/genetics	MESH	0.0057142857142857	1	0	0.669610127203784	5.48159718913988	0.444814453125	108.706370140445	66
peroxisome proliferator-activated receptor gamma coactivator 1-alpha/genetics	MESH	0.0057142857142857	1	0	0.561251896181063	1.56617062546854	0.0516796875	89.1863301252722	208
pharmaceutical preparations	MESH	0.0057142857142857	1	0	0.689306820254721	0.783085312734268	0.0119970703125	70.0053057181972	399
phenotype	MESH	0.0057142857142857	1	0	0.66370171904727	5.87313984550701	0.46880859375	105.879621838505	96
phenylenediamines/administration & dosage	MESH	0.0084745762711864	1	0	0.527433798749522	3.21125830575713	0.252861328125	83.1273969060371	245
phenylenediamines/pharmacology	MESH	0.0169491525423728	2	74.25	0.546660873851879	5.67295362211544	0.5897021484375	93.0352090369336	186
phenylthiohydantoin/pharmacology	MESH	0.0084745762711864	1	0	0.551916594677852	4.28167774100951	0.3645263671875	82.7896429740143	258
phenylurea compounds/administration & dosage	MESH	0.0084745762711864	1	0	0.679073988149957	2.85445182733967	0.1891845703125	65.640428184024	449
phosphates/metabolism	MESH	0.0114285714285714	2	0	0.820749488881356	2.28126003164241	0.112587890625	72.4171063778402	372
phospholipid hydroperoxide glutathione peroxidase	MESH	0.0084745762711864	1	0	0.666880073115984	0.356806478417459	0.001845703125	63.0213798654498	488
phospholipid hydroperoxide glutathione peroxidase/antagonists & inhibitors	MESH	0.0084745762711864	1	0	1.55474202777969	2.49764534892221	1	0	4
phospholipid hydroperoxide glutathione peroxidase/biosynthesis	MESH	0.0114285714285714	2	167.180952380952	0.657608006661656	8.04871489396144	0.73419189453125	121.785542667611	3
phospholipid hydroperoxide glutathione peroxidase/genetics	MESH	0.0285714285714285	5	4052.36185481185	0.646026127298576	12.830573173204	0.895078125	110.141136140287	56
phospholipid hydroperoxide glutathione peroxidase/metabolism	MESH	0.0228571428571428	4	701.983333333333	0.679948804009831	9.65906639630036	0.8078466796875	81.1800119496363	272
phosphotransferases (alcohol group acceptor)/antagonists & inhibitors	MESH	0.0057142857142857	1	0	0.699336919953183	2.31451976025313	0.1153564453125	69.8552131684296	400
phosphotransferases (alcohol group acceptor)/genetics	MESH	0.0057142857142857	1	0.0833333333333333	0.586157542237994	5.48159718913988	0.4554052734375	113.50268472121	33
photosensitizing agents	MESH	0.0114285714285714	2	22	0.881469467691501	3.38641564484446	0.3205517578125	58.7824806002984	554
photosensitizing agents/administration & dosage	MESH	0.0171428571428571	3	129.366666666667	0.642106405690653	6.38128863332179	0.68272705078125	83.020594155635	247
photosensitizing agents/analysis	MESH	0.0084745762711864	1	0	0.733918907323677	2.49764534892221	0.1550390625	80.8826382122172	284
photosensitizing agents/chemistry	MESH	0.0285714285714285	5	4128.98888888889	0.898279192133349	11.2976622763462	0.8921240234375	55.4425849701959	589
photosensitizing agents/pharmacology	MESH	0.0857142857142857	15	10249.6666666667	1.1664075944573	22.5375468889571	0.96580078125	45.0807782461749	621
photosensitizing agents/therapeutic use	MESH	0.0228571428571428	4	141.166666666667	1.046812588875	8.08948604357799	0.72829345703125	51.0988004819912	600
piperazine/pharmacology	MESH	0.0084745762711864	1	0	0.56865308772466	2.14083887050475	0.1116650390625	57.3756405306998	570
piperazines	MESH	0.0084745762711864	1	0	0.443591086187041	1.78403239208729	0.0802880859375	43.2498542687717	625
piperazines/administration & dosage	MESH	0.0171428571428571	3	393.503846153846	0.645980225482906	6.38128863332179	0.718505859375	86.8668194303909	222
piperazines/chemistry	MESH	0.0057142857142857	1	0	0.649193365808336	2.3492559382028	0.138427734375	93.6958786347571	173
piperazines/metabolism	MESH	0.0084745762711864	1	0	0.402497277895424	3.21125830575713	0.252861328125	12.0293695623159	633
piperazines/pharmacology	MESH	0.0228571428571428	4	824.5	0.604540619338656	9.47594080763128	0.80958740234375	100.762915994761	133
piperazines/therapeutic use	MESH	0.0057142857142857	1	11.965811965812	0.71606031879671	4.30696922003847	0.4728955078125	80.9398393901585	280
plant extracts	MESH	0.0057142857142857	1	0	0.694700663336733	3.91542656367134	0.3220751953125	91.558117153396	200
plant extracts/pharmacology	MESH	0.0169491525423728	2	3	0.539399681735677	3.53211475161069	0.31084716796875	77.8687187375538	329
plant leaves/chemistry	MESH	0.0057142857142857	1	0	0.508943411513519	3.48914772935453	0.263935546875	67.7684421639273	427
porphyrins	MESH	0.0057142857142857	1	0	0.687519210154823	1.95771328183567	0.0932080078125	62.457328674866	495
porphyrins/administration & dosage	MESH	0.0114285714285714	2	18	0.63097699492808	4.49157125804651	0.47927734375	79.2522445144405	306
porphyrins/pharmacology	MESH	0.0171428571428571	3	3	1.03823881516937	5.41963625424636	0.4647216796875	50.3275119083808	603
porphyrins/therapeutic use	MESH	0.0084745762711864	1	0	0.668745147615503	1.42722591366984	0.046142578125	61.1582365257578	533
proanthocyanidins/metabolism	MESH	0.0084745762711864	1	19.6666666666667	0.532583340278379	2.49764534892221	0.1911328125	62.3766441868908	499
prodrugs/chemistry	MESH	0.0084745762711864	1	0	1.55474202777969	2.49764534892221	1	0	2
prostate/pathology	MESH	0.0084745762711864	1	0	0.551916594677852	4.28167774100951	0.3645263671875	82.7896429740143	264
prostatic neoplasms castration-resistant/diagnosis	MESH	0.0084745762711864	1	0	0.551916594677852	4.28167774100951	0.3645263671875	82.7896429740143	257
prostatic neoplasms castration-resistant/drug therapy	MESH	0.0114285714285714	2	1038.06385281385	0.819977964543281	5.80514393894662	0.67929931640625	103.823942426794	100
protein isoforms/antagonists & inhibitors	MESH	0.0057142857142857	1	0	0.66370171904727	5.87313984550701	0.46880859375	105.879621838505	94
protein isoforms/genetics	MESH	0.0057142857142857	1	4.66666666666667	0.693271520713445	2.70606241662026	0.1839404296875	95.8064360205003	166
protein kinase inhibitors/pharmacology	MESH	0.0171428571428571	3	2176.4	0.845200948594661	14.3664369687397	0.8827197265625	107.95978315329	77
proto-oncogene proteins c-akt/biosynthesis	MESH	0.0057142857142857	1	50.3	0.751145581761296	3.13234125093707	0.2818115234375	93.2973139735166	184
proto-oncogene proteins c-bcl-2/antagonists & inhibitors	MESH	0.0057142857142857	1	0	0.693589928809672	3.91542656367134	0.3220751953125	65.370981038245	458
proto-oncogene proteins c-bcl-2/metabolism	MESH	0.0057142857142857	1	0	0.693489524569065	3.91542656367134	0.3220751953125	64.4015480068038	467
proto-oncogene proteins p21(ras)/genetics	MESH	0.0057142857142857	1	0	0.554438818394345	2.74079859456994	0.17349609375	87.3789607087495	217
pyridazines/pharmacology	MESH	0.0084745762711864	1	0	0.695542696485971	2.85445182733967	0.1891845703125	79.7612815556383	294
pyridines/pharmacology	MESH	0.0114285714285714	2	0	0.645871702005127	3.91542656367134	0.3220751953125	94.0313525633004	172
pyroptosis	MESH	0.0084745762711864	1	0	0.64348469038971	1.78403239208729	0.0802880859375	97.5628177595511	159
pyroptosis/drug effects	MESH	0.0171428571428571	3	2129.66666666667	1.05175537383948	7.95201778111825	0.81837158203125	51.4023964370653	598
pyruvic acid	MESH	0.0057142857142857	1	0	0.536297289535054	3.91542656367134	0.3220751953125	57.4884504383686	560
pyruvic acid/pharmacology	MESH	0.0057142857142857	1	0.0833333333333333	0.586157542237994	5.48159718913988	0.4554052734375	113.50268472121	28
quassins/chemistry	MESH	0.0057142857142857	1	0	0.586152719867957	3.13234125093707	0.219638671875	60.3364368159309	547
quercetin/chemistry	MESH	0.0057142857142857	1	0	0.694700663336733	3.91542656367134	0.3220751953125	91.558117153396	196
quinolines/pharmacology	MESH	0.0084745762711864	1	0	0.667787081972582	1.42722591366984	0.046142578125	60.8744792190677	537
quinoxalines/pharmacology	MESH	0.0057142857142857	1	6.68095238095238	0.600824910299997	6.26468250187414	0.590625	118.117597099793	14
radiation tolerance/drug effects	MESH	0.0057142857142857	1	50.3	0.751145581761296	3.13234125093707	0.2818115234375	93.2973139735166	181
ranibizumab/therapeutic use	MESH	0.0084745762711864	1	0	0.691883711652601	4.28167774100951	0.3645263671875	79.0175615121783	319
reactive oxygen species	MESH	0.0228571428571428	4	1948.05	0.889738181638697	7.66012513627222	0.8070703125	62.6042206939477	492
reactive oxygen species/antagonists & inhibitors	MESH	0.0114285714285714	2	855	0.904124089641717	4.10150505101834	0.4938232421875	61.5587478309066	525
reactive oxygen species/chemistry	MESH	0.0057142857142857	1	0	0.721557324586195	1.95771328183567	0.0932080078125	77.6161869166882	334
reactive oxygen species/metabolism	MESH	0.154285714285714	27	28082.1666666667	1.0063396492061	12.9494206352988	0.9456787109375	86.057589651062	225
receptor endothelin b/metabolism	MESH	0.0084745762711864	1	0	0.611496091696049	1.07041943525238	0.01845703125	97.8036112601763	155
receptor erbb-2/antagonists & inhibitors	MESH	0.0084745762711864	1	0	0.667787081972582	1.42722591366984	0.046142578125	60.8744792190677	535
receptor trka/antagonists & inhibitors	MESH	0.0057142857142857	1	0	0.66370171904727	5.87313984550701	0.46880859375	105.879621838505	95
receptors androgen/genetics	MESH	0.0057142857142857	1	4.66666666666667	0.693271520713445	2.70606241662026	0.1839404296875	95.8064360205003	165
receptors dopamine d1/antagonists & inhibitors	MESH	0.0057142857142857	1	0	0.690342979922648	6.26468250187414	0.49833984375	66.8519391433615	441
receptors transferrin/biosynthesis	MESH	0.0057142857142857	1	6.68095238095238	0.600824910299997	6.26468250187414	0.590625	118.117597099793	21
receptors transferrin/genetics	MESH	0.0057142857142857	1	1.07692307692308	0.550747095383074	5.4468610111902	0.456669921875	98.7863122046357	142
receptors transferrin/metabolism	MESH	0.0084745762711864	1	0	0.56865308772466	2.14083887050475	0.1116650390625	57.3756405306998	568
recombinant fusion proteins/metabolism	MESH	0.0057142857142857	1	0	0.693589928809672	3.91542656367134	0.3220751953125	65.370981038245	455
recombinant fusion proteins/physiology	MESH	0.0057142857142857	1	0	0.669610127203784	5.48159718913988	0.444814453125	108.706370140445	65
retinal drusen/genetics	MESH	0.0084745762711864	1	0	0.691883711652601	4.28167774100951	0.3645263671875	79.0175615121783	317
retinal pigment epithelium/cytology	MESH	0.0084745762711864	1	0	0.509905239410885	1.78403239208729	0.0802880859375	79.2060461277842	308
retinal pigment epithelium/drug effects	MESH	0.0084745762711864	1	0	0.691883711652601	4.28167774100951	0.3645263671875	79.0175615121783	318
retinal pigment epithelium/metabolism	MESH	0.0171428571428571	3	413.5	0.763909994059361	4.95406271965195	0.57667236328125	87.546103748559	215
retinoblastoma-binding protein 2/genetics	MESH	0.0057142857142857	1	0	0.629093931208991	4.2722330420888	0.3423779296875	112.844416930708	35
ribosome inactivating proteins type 2/isolation & purification	MESH	0.0084745762711864	1	0	0.673681262281672	3.21125830575713	0.252861328125	90.3805901446272	205
rifampin/administration & dosage	MESH	0.0084745762711864	1	0	0.402008670062282	2.14083887050475	0.1116650390625	10.6715209219573	637
rna interference	MESH	0.0114285714285714	2	60.1666666666667	0.649387359148762	6.22994632392447	0.6209423828125	112.793373816441	37
rna long noncoding/physiology	MESH	0.0084745762711864	1	0	0.55391582066499	3.92487126259205	0.32853515625	82.9377111834228	251
rna messenger/genetics	MESH	0.0171428571428571	3	1669.58333333333	0.671924051812568	8.93748518988369	0.82267578125	129.793736936411	1
rna small interfering	MESH	0.0057142857142857	1	109.182683982684	0.742841372149271	4.23749686413912	0.4548193359375	92.7229844816893	191
rna/genetics	MESH	0.0057142857142857	1	0	0.718425260996584	3.13234125093707	0.219638671875	70.5080509641555	385
rose bengal/metabolism	MESH	0.0084745762711864	1	0	0.402497277895424	3.21125830575713	0.252861328125	12.0293695623159	632
selenocysteine/chemistry	MESH	0.0084745762711864	1	0	1.55474202777969	2.49764534892221	1	0	5
sequence deletion	MESH	0.0057142857142857	1	1.07692307692308	0.550747095383074	5.4468610111902	0.456669921875	98.7863122046357	151
sesquiterpenes/administration & dosage	MESH	0.0057142857142857	1	0	0.554438818394345	2.74079859456994	0.17349609375	87.3789607087495	219
silicon dioxide/chemistry	MESH	0.0114285714285714	2	39.3333333333333	0.678152075249081	6.1272142394144	0.6010888671875	78.5319403613281	323
silver/chemistry	MESH	0.0057142857142857	1	0	0.691164543931556	3.91542656367134	0.3220751953125	101.569336815313	126
simvastatin/chemistry	MESH	0.0084745762711864	1	0	0.625146175315994	0.713612956834918	0.01107421875	63.1417493067387	484
singlet oxygen	MESH	0.0084745762711864	1	0	0.667781354710326	1.07041943525238	0.01845703125	62.2874443742811	503
sirolimus/administration & dosage	MESH	0.0057142857142857	1	50.3	0.751145581761296	3.13234125093707	0.2818115234375	93.2973139735166	183
sirolimus/analogs & derivatives	MESH	0.0057142857142857	1	0	0.631032599161414	3.0976050729874	0.1984130859375	106.733450840191	84
skin neoplasms/drug therapy	MESH	0.0114285714285714	2	137.5	0.705445874968233	5.1689715875928	0.560595703125	76.9111169148169	343
small molecule libraries/chemistry	MESH	0.0084745762711864	1	0	1.55474202777969	2.49764534892221	1	0	6
sorafenib	MESH	0.0057142857142857	1	0	0.692406519180141	2.3492559382028	0.138427734375	68.1876383024228	421
sorafenib/administration & dosage	MESH	0.0057142857142857	1	0	0.677965168546379	1.56617062546854	0.0516796875	89.1414645437118	210
sorafenib/analogs & derivatives	MESH	0.0084745762711864	1	0	0.659002793304022	2.85445182733967	0.1891845703125	79.0327934474464	316
sorafenib/pharmacology	MESH	0.0114285714285714	2	0	0.68854932985531	3.48914772935453	0.2574755859375	65.2240485115523	459
sorafenib/therapeutic use	MESH	0.0057142857142857	1	11.965811965812	0.71606031879671	4.30696922003847	0.4728955078125	80.9398393901585	282
species specificity	MESH	0.0057142857142857	1	1.07692307692308	0.550747095383074	5.4468610111902	0.456669921875	98.7863122046357	146
spheroids cellular/drug effects	MESH	0.0057142857142857	1	0	0.66370171904727	5.87313984550701	0.46880859375	105.879621838505	92
spinal cord/drug effects	MESH	0.0057142857142857	1	6.68095238095238	0.600824910299997	6.26468250187414	0.590625	118.117597099793	18
spiro compounds/pharmacology	MESH	0.0057142857142857	1	6.68095238095238	0.600824910299997	6.26468250187414	0.590625	118.117597099793	13
starch/analogs & derivatives	MESH	0.0057142857142857	1	0	0.716976134725158	2.74079859456994	0.17349609375	73.9966776540356	365
stimulation chemical	MESH	0.0685714285714285	12	564	1.05001906426086	7.57500916073944	0.765537109375	55.9511246123631	586
stress physiological/drug effects	MESH	0.0084745762711864	1	0	0.49972127110549	2.14083887050475	0.1116650390625	53.7164436047793	593
stroke/prevention & control	MESH	0.0084745762711864	1	0	0.667914892583158	1.42722591366984	0.046142578125	61.5124043766628	527
stromal cells/physiology	MESH	0.0084745762711864	1	0	0.55391582066499	3.92487126259205	0.32853515625	82.9377111834228	254
succinates/metabolism	MESH	0.0228571428571428	4	83.5	1.01498450811424	4.74640660810559	0.5240185546875	57.1151372327586	578
sulfasalazine/pharmacology	MESH	0.0057142857142857	1	0	0.65942611229438	3.13234125093707	0.219638671875	107.134288349656	81
sulfasalazine/therapeutic use	MESH	0.0057142857142857	1	11.965811965812	0.71606031879671	4.30696922003847	0.4728955078125	80.9398393901585	275
sulfhydryl compounds/chemistry	MESH	0.0057142857142857	1	0	0.639416947973217	4.30696922003847	0.389443359375	110.878415061792	52
sulfonamides/pharmacology	MESH	0.0057142857142857	1	0	0.693589928809672	3.91542656367134	0.3220751953125	65.370981038245	457
superoxide dismutase/biosynthesis	MESH	0.0114285714285714	2	403.395238095238	0.625162752039065	8.22239578370982	0.76748046875	120.297935728509	4
superoxide dismutase/deficiency	MESH	0.0057142857142857	1	0	0.66370171904727	5.87313984550701	0.46880859375	105.879621838505	90
synovial membrane/cytology	MESH	0.0057142857142857	1	1.81666666666667	0.597590477127069	3.52388390730421	0.303955078125	83.6389752697898	236
t-lymphocytes cytotoxic/drug effects	MESH	0.0084745762711864	1	0	0.672594541959166	4.28167774100951	0.3645263671875	69.4163160423889	405
t-lymphocytes cytotoxic/metabolism	MESH	0.0057142857142857	1	0	0.625891542630842	1.95771328183567	0.0932080078125	85.453784176006	227
tamoxifen/pharmacology	MESH	0.0057142857142857	1	0	0.690342979922648	6.26468250187414	0.49833984375	66.8519391433615	434
thioredoxins/administration & dosage	MESH	0.0084745762711864	1	0	0.620630987174283	1.78403239208729	0.0802880859375	102.478221735903	105
tissue distribution	MESH	0.0285714285714285	5	11694	1.07087501508082	12.9060805007702	0.92628662109375	54.0326759775241	591
tongue neoplasms/drug therapy	MESH	0.0084745762711864	1	0	0.597595309085875	2.49764534892221	0.1550390625	75.6719905435505	355
tor serine-threonine kinases/antagonists & inhibitors	MESH	0.0171428571428571	3	2737.8347985348	0.671744872219741	7.62538895832254	0.8222607421875	108.483362368355	74
transcription factors/genetics	MESH	0.0057142857142857	1	0	0.72319091572005	3.52388390730421	0.27685546875	77.6007041214893	338
transcription factors/metabolism	MESH	0.0057142857142857	1	0	0.706548137242754	5.09005453277274	0.40974609375	76.4159242736876	351
transferrin/genetics	MESH	0.0057142857142857	1	109.182683982684	0.742841372149271	4.23749686413912	0.4548193359375	92.7229844816893	190
tretinoin/pharmacology	MESH	0.0114285714285714	2	63.3333333333333	0.788027565809545	4.63051596984521	0.51169921875	101.567869042307	127
triple negative breast neoplasms/metabolism	MESH	0.0084745762711864	1	0	0.625146175315994	0.713612956834918	0.01107421875	63.1417493067387	483
triple negative breast neoplasms/pathology	MESH	0.0057142857142857	1	0	0.685972010090202	2.3492559382028	0.138427734375	61.6964175353039	524
triterpenes/pharmacology	MESH	0.0057142857142857	1	0	0.736703611216419	3.0976050729874	0.1984130859375	80.2646495787565	292
tumor escape/drug effects	MESH	0.0084745762711864	1	0	0.672594541959166	4.28167774100951	0.3645263671875	69.4163160423889	404
tumor hypoxia/drug effects	MESH	0.0084745762711864	1	0	0.673192750486277	3.56806478417459	0.28423828125	63.7139067366428	474
tumor microenvironment	MESH	0.114285714285714	20	62391.9333333333	1.16640786874329	29.2273837503257	0.9953173828125	45.1106272897409	620
tumor microenvironment/drug effects	MESH	0.0342857142857142	6	6435.83333333333	1.12553932241301	15.0099912507991	0.9278955078125	46.6699428921682	611
tumor necrosis factor inhibitors/pharmacology	MESH	0.0057142857142857	1	1.81666666666667	0.597590477127069	3.52388390730421	0.303955078125	83.6389752697898	237
tumor necrosis factor-alpha/pharmacology	MESH	0.0057142857142857	1	0	0.536297289535054	3.91542656367134	0.3220751953125	57.4884504383686	559
tumor suppressor protein p53/genetics	MESH	0.0057142857142857	1	143.27380952381	0.758189382628063	3.91542656367134	0.44306640625	93.5983880868127	178
uridine/pharmacology	MESH	0.0057142857142857	1	0.0833333333333333	0.586157542237994	5.48159718913988	0.4554052734375	113.50268472121	25
urinary bladder neoplasms/drug therapy	MESH	0.0084745762711864	1	0	0.668113860635266	2.14083887050475	0.1116650390625	62.0460023429392	509
urologic diseases/drug therapy	MESH	0.0084745762711864	1	0	0.617976811002446	1.78403239208729	0.0802880859375	101.702822006455	116
vacuolar proton-translocating atpases/metabolism	MESH	0.0057142857142857	1	2.7	0.707978029125527	3.91542656367134	0.357861328125	66.3099785168423	444
vascular endothelial growth factor a/antagonists & inhibitors	MESH	0.0084745762711864	1	0	0.691883711652601	4.28167774100951	0.3645263671875	79.0175615121783	322
verteporfin/pharmacology	MESH	0.0057142857142857	1	0	0.72319091572005	3.52388390730421	0.27685546875	77.6007041214893	337
verteporfin/therapeutic use	MESH	0.0084745762711864	1	0	0.691883711652601	4.28167774100951	0.3645263671875	79.0175615121783	321
water	MESH	0.0057142857142857	1	0	0.736703611216419	3.0976050729874	0.1984130859375	80.2646495787565	291
zeolites/chemistry	MESH	0.0084745762711864	1	0	0.673192750486277	3.56806478417459	0.28423828125	63.7139067366428	476
zinc oxide/administration & dosage	MESH	0.0084745762711864	1	0	0.462249890982249	2.85445182733967	0.1891845703125	70.9590034312371	380
