"KW"	"category"	"node_weight"	"occurrence"	"btw_cnt"	"cls_cnt"	"strength"	"qscore"	"Knode"	"ranking"	"CommunityMembership"
"1-methyl-4-phenylpyridinium/toxicity"	"MESH"	0.0084745762711864	1	0	0.422562917664553	1.78403239208729	0.0661845721305455	5.10858508666818	416	1
"ACSL4"	"GENE"	0.0423728813559322	5	10562.4095238095	0.603136576520381	8.8373526030156	0.921036967616925	8.84801757370891	254	2
"ADAMTS9-AS1"	"GENE"	0.0084745762711864	1	5.19261841100076	0.465271478555295	4.63848421942697	0.291346360861691	12.2968505104789	118	3
"ATF4"	"GENE"	0.0169491525423728	2	2583.62029419661	0.529963709487974	7.45698601420274	0.826737250034827	12.1500888262097	125	5
"BLVRB"	"GENE"	0.0084745762711864	1	0	0.475127747004403	1.78403239208729	0.0661845721305455	8.89436184593746	240	6
"CALR"	"GENE"	0.0084745762711864	1	25.6	0.475986397343503	2.14083887050475	0.115718519269006	4.78458277064892	431	7
"CASP3"	"GENE"	0.0084745762711864	1	173.08358485242	0.538884922317366	3.56806478417459	0.369853471967174	8.74584296240104	261	8
"CASP9"	"GENE"	0.0084745762711864	1	89.4266413467545	0.473031664087165	3.92487126259205	0.359573080381454	15.9395670034821	15	4
"CBR1"	"GENE"	0.0084745762711864	1	306.146283111585	0.562745920036411	4.28167774100951	0.509162751231621	12.624763889001	105	5
"CD274"	"GENE"	0.0338983050847457	4	5887.24086997301	0.685448390186804	10.3114378415424	0.935240181861932	4.38576737042894	457	9
"CD47"	"GENE"	0.0169491525423728	2	3505.41666666667	0.493363544627081	4.99529069784443	0.727770671597371	3.47724305603263	533	2
"CDH1"	"GENE"	0.0084745762711864	1	63.4876913896645	0.484709621552611	5.35209717626189	0.433144210432999	14.8700178075722	33	10
"CDH2"	"GENE"	0.0084745762711864	1	63.4876913896645	0.484709621552611	5.35209717626189	0.433144210432999	14.8700178075722	36	10
"CDKN2A"	"GENE"	0.0084745762711864	1	6.59035314520109	0.404453571467855	5.70890365467935	0.348133888881853	14.7541442422717	45	7
"CTNNB1"	"GENE"	0.0084745762711864	1	89.4266413467545	0.473031664087165	3.92487126259205	0.359573080381454	15.9395670034821	14	4
"DENR"	"GENE"	0.0084745762711864	1	17.2597402597403	0.440825242204231	4.28167774100951	0.284292245538937	7.89268654321478	301	11
"DNM1L"	"GENE"	0.0084745762711864	1	17.2597402597403	0.440825242204231	4.28167774100951	0.284292245538937	7.89268654321478	293	11
"EDN3"	"GENE"	0.0084745762711864	1	0	0.454249868840808	1.78403239208729	0.0661845721305455	4.0905848873552	469	1
"EDNRB"	"GENE"	0.0084745762711864	1	0	0.454249868840808	1.78403239208729	0.0661845721305455	4.0905848873552	467	1
"EEF1A2"	"GENE"	0.0084745762711864	1	0	0.394797824371741	1.42722591366984	0.0254556046655944	2.87709461248257	555	9
"EGFR"	"GENE"	0.0254237288135593	3	1947.0146699114	0.507231751078283	9.95463136312495	0.845002596218386	16.8621679004959	1	10
"EIF2S1"	"GENE"	0.0169491525423728	2	586.209127127933	0.461773396492267	5.35209717626189	0.652584820354352	14.09272721939	54	5
"ERBB2"	"GENE"	0.0084745762711864	1	0	0.388387827278467	1.78403239208729	0.0661845721305455	6.55019813532425	355	3
"FKBP8"	"GENE"	0.0084745762711864	1	17.2597402597403	0.440825242204231	4.28167774100951	0.284292245538937	7.89268654321478	296	11
"FTH1"	"GENE"	0.0338983050847457	4	1584.90838489783	0.543949099745439	9.59782488470749	0.825344157242183	13.8282956850042	58	10
"FUNDC1"	"GENE"	0.0084745762711864	1	17.2597402597403	0.440825242204231	4.28167774100951	0.284292245538937	7.89268654321478	298	11
"FXN"	"GENE"	0.0084745762711864	1	173.08358485242	0.538884922317366	3.56806478417459	0.369853471967174	8.74584296240104	257	8
"GAA"	"GENE"	0.0084745762711864	1	173.08358485242	0.538884922317366	3.56806478417459	0.369853471967174	8.74584296240104	260	8
"GABPA"	"GENE"	0.0169491525423728	2	732.810541615247	0.52418187880343	5.63700358955154	0.671369410215169	10.6519997910124	185	5
"GALNT14"	"GENE"	0.0084745762711864	1	245.280132955326	0.502655391502831	3.92487126259205	0.433194868352731	14.8747589766052	23	12
"GCLC"	"GENE"	0.0254237288135593	3	2654.01433125873	0.546666884850771	8.96871420244792	0.862561897645673	14.3920951108911	52	4
"GCLM"	"GENE"	0.0169491525423728	2	138.327770609261	0.498565087008288	6.63552295967611	0.588119451374729	16.787161421101	3	4
"GGT1"	"GENE"	0.0084745762711864	1	0	0.458621893052656	2.85445182733967	0.128550803561252	9.58366033035903	216	14
"GLRX5"	"GENE"	0.0084745762711864	1	158.710989010989	0.526008275002118	3.21125830575713	0.29709286863135	9.39872396262194	223	10
"GLS"	"GENE"	0.0084745762711864	1	63.4876913896645	0.484709621552611	5.35209717626189	0.433144210432999	14.8700178075722	32	10
"GPX4"	"GENE"	0.186440677966102	22	10501	0.604534787535496	3.36649603676894	0.429154899254062	9.02909269185312	239	2
"HDAC1"	"GENE"	0.0084745762711864	1	26.9978696741855	0.54286770997631	1.78403239208729	0.0931852433479819	4.74021131544657	436	13
"HIF1A"	"GENE"	0.0084745762711864	1	0	0.537657076028179	3.92487126259205	0.214463469307633	4.46955735956825	446	15
"HMGCR"	"GENE"	0.0084745762711864	1	0	0.394797824371741	1.42722591366984	0.0254556046655944	2.87709461248257	554	9
"HMOX1"	"GENE"	0.0423728813559322	5	3417.30847189007	0.546611522026128	10.9091489342384	0.904180544825927	13.9727436026437	55	4
"HSPB1"	"GENE"	0.0084745762711864	1	0	0.406200303821509	2.49764534892221	0.107549929712136	10.5788576874804	191	3
"HSPB2"	"GENE"	0.0084745762711864	1	0	0.406200303821509	2.49764534892221	0.107549929712136	10.5788576874804	192	3
"IDO1"	"GENE"	0.0084745762711864	1	0	0.53643474878541	3.21125830575713	0.155915578576766	3.99240903037231	481	13
"IFNG"	"GENE"	0.0254237288135593	3	4503.91956417717	0.593884148927375	6.42251661151426	0.83846772457289	7.97614400893977	292	3
"IL13"	"GENE"	0.0084745762711864	1	0	0.451505855838215	4.63848421942697	0.27237496992186	8.87615867304614	247	8
"IL1B"	"GENE"	0.0084745762711864	1	0	0.451505855838215	4.63848421942697	0.27237496992186	8.87615867304614	243	8
"IL6"	"GENE"	0.0084745762711864	1	0	0.451505855838215	4.63848421942697	0.27237496992186	8.87615867304614	246	8
"KDM5A"	"GENE"	0.0084745762711864	1	265.430189353415	0.561786251807058	4.63848421942697	0.563721330783551	10.3745388988878	207	10
"KEAP1"	"GENE"	0.0084745762711864	1	742.9	0.56608334069506	1.78403239208729	0.153442838869822	4.96035844717135	426	5
"LCN2"	"GENE"	0.0084745762711864	1	6.59035314520109	0.404453571467855	5.70890365467935	0.348133888881853	14.7541442422717	40	7
"MAPK1"	"GENE"	0.0084745762711864	1	204.772893652242	0.54426810161835	2.85445182733967	0.25646205088588	10.6521234695766	183	5
"MAPK8"	"GENE"	0.0084745762711864	1	0	0.363047580938719	3.21125830575713	0.155915578576766	5.06353114084426	422	1
"MCU"	"GENE"	0.0084745762711864	1	1779.4880952381	0.58282623548678	1.42722591366984	0.0625625308696698	3.56426182690238	518	2
"MIR6516"	"GENE"	0.0084745762711864	1	5.19261841100076	0.465271478555295	4.63848421942697	0.291346360861691	12.2968505104789	121	3
"MMP2"	"GENE"	0.0084745762711864	1	79.5878441982854	0.483772748015599	3.56806478417459	0.304751712870911	8.14398783064724	286	3
"MMP9"	"GENE"	0.0084745762711864	1	63.4876913896645	0.484709621552611	5.35209717626189	0.433144210432999	14.8700178075722	29	10
"MPC1"	"GENE"	0.0084745762711864	1	265.430189353415	0.561786251807058	4.63848421942697	0.563721330783551	10.3745388988878	202	10
"MTOR"	"GENE"	0.0169491525423728	2	280.016251803752	0.503900028387437	4.95934066528052	0.585402920429072	13.9121173185325	57	12
"NCL"	"GENE"	0.0084745762711864	1	0	0.537657076028179	3.92487126259205	0.214463469307633	4.46955735956825	442	15
"NFE2L2"	"GENE"	0.0508474576271186	6	5004.41071088534	0.513863075312655	15.5556849201126	0.953888628563468	10.3165559572007	208	5
"NOC2L"	"GENE"	0.0084745762711864	1	0	0.53643474878541	3.21125830575713	0.155915578576766	3.99240903037231	478	13
"NOX1"	"GENE"	0.0084745762711864	1	84.35	0.492237707050406	1.78403239208729	0.107344131913223	11.9834943474141	129	4
"P4HB"	"GENE"	0.0084745762711864	1	0	0.531491084151418	1.78403239208729	0.0661845721305455	3.48363063216686	528	13
"PADI1"	"GENE"	0.0084745762711864	1	0	0.531491084151418	1.78403239208729	0.0661845721305455	3.48363063216686	530	13
"PCLAF"	"GENE"	0.0084745762711864	1	0	0.531006094872074	1.42722591366984	0.0254556046655944	3.55422197865703	519	13
"PDCD1"	"GENE"	0.0084745762711864	1	0	0.570963138470721	1.78403239208729	0.0661845721305455	4.88272541994068	428	9
"PDIA2"	"GENE"	0.0084745762711864	1	0	0.531491084151418	1.78403239208729	0.0661845721305455	3.48363063216686	531	13
"PEBP1"	"GENE"	0.0084745762711864	1	0	0.494410562267776	3.21125830575713	0.155915578576766	6.06936293005913	364	15
"PINK1"	"GENE"	0.0084745762711864	1	17.2597402597403	0.440825242204231	4.28167774100951	0.284292245538937	7.89268654321478	295	11
"PRKAA2"	"GENE"	0.0084745762711864	1	0	0.487153901041592	3.56806478417459	0.189644254758678	12.9468000992034	89	12
"PSTK"	"GENE"	0.0084745762711864	1	18.8507936507937	0.488615386935281	2.49764534892221	0.132698420739352	13.1807063452203	80	12
"RPE"	"GENE"	0.0084745762711864	1	265.650584952611	0.545281481832734	4.63848421942697	0.575917224959157	5.70986643927931	383	8
"SDHD"	"GENE"	0.0084745762711864	1	0	0.540943358705378	2.14083887050475	0.0833671052798217	3.80548365341201	494	13
"SELP"	"GENE"	0.0084745762711864	1	0	1.55474202777969	0.713612956834918	1	0	2	16
"SERPINB6"	"GENE"	0.0084745762711864	1	0	0.53726065443136	1.78403239208729	0.0661845721305455	3.643662984686	507	9
"SLC39A14"	"GENE"	0.0084745762711864	1	0	0.451807505341977	2.49764534892221	0.107549929712136	9.13848301736025	232	2
"SLC3A2"	"GENE"	0.0084745762711864	1	24.9320064628664	0.462272696163326	4.63848421942697	0.372652322032396	13.7958323027762	64	12
"SLC40A1"	"GENE"	0.0084745762711864	1	63.4876913896645	0.484709621552611	5.35209717626189	0.433144210432999	14.8700178075722	35	10
"SLC7A11"	"GENE"	0.0847457627118644	10	1382.83333333333	0.553111090060652	4.20977767588171	0.521162345968263	8.41123294143964	263	14
"SLC9A1"	"GENE"	0.0254237288135593	3	3401.64824807542	0.580113316366228	8.52740544945512	0.867681513658642	7.68163912980407	305	14
"SRF"	"GENE"	0.0084745762711864	1	79.5878441982854	0.483772748015599	3.56806478417459	0.304751712870911	8.14398783064724	285	3
"TCF7L2"	"GENE"	0.0084745762711864	1	89.4266413467545	0.473031664087165	3.92487126259205	0.359573080381454	15.9395670034821	13	4
"TF"	"GENE"	0.059322033898305	7	1922.48865578866	0.516118495120957	7.61338835390589	0.811894479553197	7.61639482731366	307	2
"TFRC"	"GENE"	0.0254237288135593	3	4239.2533022533	0.52967797466804	6.22211247279995	0.820291029748863	7.31522879638768	319	2
"TNF"	"GENE"	0.0169491525423728	2	978.093560277071	0.482839629079655	7.49293604676664	0.771250997327795	9.57229350486599	220	8
"TP53"	"GENE"	0.0084745762711864	1	521.449676047787	0.542959895768648	3.92487126259205	0.483343042767949	11.948397896142	137	1
"UTRN"	"GENE"	0.0084745762711864	1	17.2597402597403	0.440825242204231	4.28167774100951	0.284292245538937	7.89268654321478	297	11
"VDAC1"	"GENE"	0.0084745762711864	1	0	0.451807505341977	2.49764534892221	0.107549929712136	9.13848301736025	233	2
"VIM"	"GENE"	0.0084745762711864	1	63.4876913896645	0.484709621552611	5.35209717626189	0.433144210432999	14.8700178075722	30	10
"XAB2"	"GENE"	0.0084745762711864	1	0	0.494410562267776	3.21125830575713	0.155915578576766	6.06936293005913	368	15
"a549 cells"	"MESH"	0.0084745762711864	1	111.185802360209	0.460513019086333	4.28167774100951	0.421777839693013	16.4378855771154	5	5
"activating transcription factor 4/genetics"	"MESH"	0.0084745762711864	1	0	0.500424319697881	4.28167774100951	0.234191562923469	11.3170927388594	150	5
"activating transcription factor 4/metabolism"	"MESH"	0.0084745762711864	1	0	0.436509657800951	3.21125830575713	0.155915578576766	12.8816819530173	96	5
"adamts9 protein/physiology"	"MESH"	0.0084745762711864	1	5.19261841100076	0.465271478555295	4.63848421942697	0.291346360861691	12.2968505104789	114	3
"adenine/administration & dosage"	"MESH"	0.0084745762711864	1	0	0.451505855838215	4.63848421942697	0.27237496992186	8.87615867304614	250	8
"adenosine triphosphate"	"MESH"	0.0084745762711864	1	26.9978696741855	0.54286770997631	1.78403239208729	0.0931852433479819	4.74021131544657	437	13
"adenosine triphosphate/metabolism"	"MESH"	0.0084745762711864	1	61.1515873015872	0.535605677992539	3.92487126259205	0.311558870834969	12.2999499438921	112	12
"aging/genetics"	"MESH"	0.0084745762711864	1	265.650584952611	0.545281481832734	4.63848421942697	0.575917224959157	5.70986643927931	381	8
"alcohol oxidoreductases/genetics"	"MESH"	0.0084745762711864	1	306.146283111585	0.562745920036411	4.28167774100951	0.509162751231621	12.624763889001	106	5
"amino acid transport system y+/analysis"	"MESH"	0.0084745762711864	1	0	0.467882904991823	2.49764534892221	0.107549929712136	7.42326865428715	313	6
"amino acid transport system y+/antagonists & inhibitors"	"MESH"	0.0084745762711864	1	77.2574481862793	0.544168721111657	3.92487126259205	0.337166449259761	6.78024328434841	333	14
"amino acid transport system y+/genetics"	"MESH"	0.0169491525423728	2	3442.68328434319	0.581359799288146	7.06422950322138	0.844404199541546	10.8516477034599	178	10
"amino acid transport system y+/metabolism"	"MESH"	0.0169491525423728	2	948.217536731223	0.489383415055748	6.77932308993172	0.754676359215309	10.5996145631288	186	12
"aminolevulinic acid/pharmacology"	"MESH"	0.0084745762711864	1	21.3333333333333	0.574875047978716	1.78403239208729	0.0859411608262307	2.7388157698542	557	14
"amp-activated protein kinases/metabolism"	"MESH"	0.0084745762711864	1	0	0.487153901041592	3.56806478417459	0.189644254758678	12.9468000992034	92	12
"amyotrophic lateral sclerosis/drug therapy"	"MESH"	0.0084745762711864	1	0	0.375519571580403	1.42722591366984	0.0254556046655944	10.9233864222542	175	4
"androgen antagonists/pharmacology"	"MESH"	0.0084745762711864	1	24.9320064628664	0.462272696163326	4.63848421942697	0.372652322032396	13.7958323027762	60	12
"androstenes/pharmacology"	"MESH"	0.0084745762711864	1	24.9320064628664	0.462272696163326	4.63848421942697	0.372652322032396	13.7958323027762	63	12
"aniline compounds/pharmacology"	"MESH"	0.0084745762711864	1	21.0414241332103	0.51989385773232	4.63848421942697	0.349615633034029	8.24082067404347	270	9
"anthelmintics/pharmacology"	"MESH"	0.0084745762711864	1	521.449676047787	0.542959895768648	3.92487126259205	0.483343042767949	11.948397896142	135	1
"anthracenes/pharmacology"	"MESH"	0.0084745762711864	1	0	0.363047580938719	3.21125830575713	0.155915578576766	5.06353114084426	421	1
"antibiotics antineoplastic/administration & dosage"	"MESH"	0.0084745762711864	1	0	0.463218827855035	1.42722591366984	0.0254556046655944	2.10898113506355	560	6
"antibodies monoclonal/metabolism"	"MESH"	0.0084745762711864	1	0	0.399336723601599	2.85445182733967	0.128550803561252	6.63313233321071	347	2
"antigens/metabolism"	"MESH"	0.0084745762711864	1	0	0.399336723601599	2.85445182733967	0.128550803561252	6.63313233321071	346	2
"antimalarials/pharmacology"	"MESH"	0.0084745762711864	1	204.772893652242	0.54426810161835	2.85445182733967	0.25646205088588	10.6521234695766	181	5
"antimetabolites antineoplastic/pharmacology"	"MESH"	0.0084745762711864	1	89.4266413467545	0.473031664087165	3.92487126259205	0.359573080381454	15.9395670034821	16	4
"antineoplastic agents"	"MESH"	0.0169491525423728	2	707.939568808258	0.568541708091325	5.70890365467935	0.696267777763706	10.9663475382396	172	5
"antineoplastic agents phytogenic/isolation & purification"	"MESH"	0.0084745762711864	1	0	0.487153901041592	3.56806478417459	0.189644254758678	12.9468000992034	90	12
"antineoplastic agents/administration & dosage"	"MESH"	0.0423728813559322	5	5695.72482101232	0.630469516201147	8.13464893847375	0.893985638479756	5.78400226378698	378	6
"antineoplastic agents/adverse effects"	"MESH"	0.0169491525423728	2	1144.28379253597	0.591475706436026	2.49764534892221	0.257370727321083	5.32491391080348	402	8
"antineoplastic agents/analysis"	"MESH"	0.0084745762711864	1	79.5878441982854	0.483772748015599	3.56806478417459	0.304751712870911	8.14398783064724	283	3
"antineoplastic agents/chemistry"	"MESH"	0.0423728813559322	5	2447.74877595378	0.571081569869085	9.56187485214359	0.857416952672838	8.0708309474847	289	15
"antineoplastic agents/pharmacology"	"MESH"	0.0423728813559322	5	4758.78982876612	0.577724188494246	10.146983735392	0.916401767961399	11.5229064673126	145	1
"antineoplastic agents/therapeutic use"	"MESH"	0.0338983050847457	4	11230.7839285714	0.748362157234078	6.93572542963487	0.887688225833006	4.28880326924377	461	14
"antioxidants/pharmacology"	"MESH"	0.0254237288135593	3	2594.81618006745	0.493980946894166	6.38656657895036	0.802364458403516	13.7712060638337	70	4
"antitubercular agents/administration & dosage"	"MESH"	0.0084745762711864	1	0	0.439085003958183	2.49764534892221	0.107549929712136	8.29400964845624	268	2
"apoptosis"	"MESH"	0.0423728813559322	5	3183.66923076923	0.797004924496469	7.56652902904892	0.851167031825838	4.01331897001445	476	13
"apoptosis/drug effects"	"MESH"	0.0847457627118644	10	2424.43751201933	0.522493746636286	9.79017725697455	0.860488089056623	11.3180725362611	149	5
"apoptosis/genetics"	"MESH"	0.0084745762711864	1	0	0.500424319697881	4.28167774100951	0.234191562923469	11.3170927388594	152	5
"artemisinins/pharmacology"	"MESH"	0.0254237288135593	3	1428.00363320255	0.548796502419955	6.0297601005329	0.744722077987867	12.0197717460625	127	12
"artesunate/administration & dosage"	"MESH"	0.0169491525423728	2	705.867973868341	0.516815516086081	3.92487126259205	0.491878902242879	11.0830876840743	163	5
"artesunate/pharmacology"	"MESH"	0.0084745762711864	1	204.772893652242	0.54426810161835	2.85445182733967	0.25646205088588	10.6521234695766	182	5
"arthritis rheumatoid/genetics"	"MESH"	0.0084745762711864	1	109.207509624133	0.492556394316372	3.56806478417459	0.334000329276478	6.96029237921184	325	8
"ascorbic acid/pharmacology"	"MESH"	0.0084745762711864	1	25.6	0.475986397343503	2.14083887050475	0.115718519269006	4.78458277064892	430	7
"asthma/chemically induced"	"MESH"	0.0084745762711864	1	0	0.451505855838215	4.63848421942697	0.27237496992186	8.87615867304614	245	8
"autophagy"	"MESH"	0.0254237288135593	3	634.2	0.675295926607893	2.78255176221187	0.246514101898406	4.59476262567748	440	11
"autophagy/drug effects"	"MESH"	0.0338983050847457	4	2249.51837660632	0.522949782072826	10.146983735392	0.860095490178696	12.1654191313026	123	5
"azo compounds/chemistry"	"MESH"	0.0084745762711864	1	0	0.549139864895015	3.56806478417459	0.189644254758678	3.98591953453386	486	9
"b7-h1 antigen/antagonists & inhibitors"	"MESH"	0.0084745762711864	1	21.0414241332103	0.51989385773232	4.63848421942697	0.349615633034029	8.24082067404347	276	9
"b7-h1 antigen/metabolism"	"MESH"	0.0084745762711864	1	0	0.579079348535256	2.49764534892221	0.107549929712136	5.14660527952184	413	15
"benzamides/pharmacology"	"MESH"	0.0084745762711864	1	24.9320064628664	0.462272696163326	4.63848421942697	0.372652322032396	13.7958323027762	65	12
"benzophenanthridines/pharmacology"	"MESH"	0.0084745762711864	1	138.447398512898	0.498024940610796	3.56806478417459	0.357587923151936	9.35078398664201	227	1
"benzylidene compounds/pharmacology"	"MESH"	0.0084745762711864	1	21.0414241332103	0.51989385773232	4.63848421942697	0.349615633034029	8.24082067404347	273	9
"beta catenin/antagonists & inhibitors"	"MESH"	0.0084745762711864	1	89.4266413467545	0.473031664087165	3.92487126259205	0.359573080381454	15.9395670034821	12	4
"bevacizumab/therapeutic use"	"MESH"	0.0084745762711864	1	265.650584952611	0.545281481832734	4.63848421942697	0.575917224959157	5.70986643927931	385	8
"biflavonoids/administration & dosage"	"MESH"	0.0084745762711864	1	111.185802360209	0.460513019086333	4.28167774100951	0.421777839693013	16.4378855771154	10	5
"biological products"	"MESH"	0.0084745762711864	1	172.639384348005	0.588308218336235	2.85445182733967	0.247508263573156	7.52988071545346	309	5
"biological transport"	"MESH"	0.0084745762711864	1	0	0.458621893052656	2.85445182733967	0.128550803561252	9.58366033035903	219	14
"biomarkers tumor"	"MESH"	0.0169491525423728	2	4019.16975252502	0.541071552341621	4.60253418686307	0.622047593115589	12.1041835284513	126	3
"biomarkers tumor/metabolism"	"MESH"	0.0084745762711864	1	26.9978696741855	0.54286770997631	1.78403239208729	0.0931852433479819	4.74021131544657	434	13
"biomarkers/chemistry"	"MESH"	0.0084745762711864	1	0	0.539499739344314	3.21125830575713	0.155915578576766	5.22586925607817	406	11
"biomarkers/metabolism"	"MESH"	0.0084745762711864	1	0	0.399336723601599	2.85445182733967	0.128550803561252	6.63313233321071	348	2
"blood cells/drug effects"	"MESH"	0.0084745762711864	1	0	1.55474202777969	0.713612956834918	1	0	3	16
"bone neoplasms/drug therapy"	"MESH"	0.0084745762711864	1	0	0.531082889420518	1.78403239208729	0.0661845721305455	3.72088790774791	503	13
"brain neoplasms/genetics"	"MESH"	0.0084745762711864	1	0	0.406200303821509	2.49764534892221	0.107549929712136	10.5788576874804	188	3
"brain neoplasms/prevention & control"	"MESH"	0.0084745762711864	1	0	0.388387827278467	1.78403239208729	0.0661845721305455	6.55019813532425	353	3
"breast neoplasms/diagnosis"	"MESH"	0.0084745762711864	1	116.893861964667	0.465715510121372	2.14083887050475	0.150973265282861	11.9783077177176	131	3
"breast neoplasms/drug therapy"	"MESH"	0.0338983050847457	4	3636.13627781929	0.516186304611248	7.49293604676664	0.859300794062892	7.48235860328613	312	3
"breast neoplasms/pathology"	"MESH"	0.0084745762711864	1	26.9978696741855	0.54286770997631	1.78403239208729	0.0931852433479819	4.74021131544657	435	13
"breast neoplasms/therapy"	"MESH"	0.0084745762711864	1	0	0.53726065443136	1.78403239208729	0.0661845721305455	3.643662984686	509	9
"bronchi/cytology"	"MESH"	0.0084745762711864	1	0	0.451505855838215	4.63848421942697	0.27237496992186	8.87615867304614	249	8
"calreticulin/metabolism"	"MESH"	0.0084745762711864	1	25.6	0.475986397343503	2.14083887050475	0.115718519269006	4.78458277064892	433	7
"carbolines/administration & dosage"	"MESH"	0.0169491525423728	2	688.623495470047	0.556061253985714	3.88892123002815	0.436924557693038	8.86412454160461	253	6
"carbolines/pharmacology"	"MESH"	0.0084745762711864	1	24.9320064628664	0.462272696163326	4.63848421942697	0.372652322032396	13.7958323027762	66	12
"carbon monoxide/administration & dosage"	"MESH"	0.0084745762711864	1	0	0.463218827855035	1.42722591366984	0.0254556046655944	2.10898113506355	562	6
"carbon/pharmacology"	"MESH"	0.0084745762711864	1	172.639384348005	0.588308218336235	2.85445182733967	0.247508263573156	7.52988071545346	308	5
"carbonic anhydrase ix/metabolism"	"MESH"	0.0084745762711864	1	0	0.530200029732029	0.713612956834918	0.0031819505831993	3.750757300847	497	-1
"carcinogenesis/drug effects"	"MESH"	0.0254237288135593	3	979.863699870103	0.505044452193697	6.74337305736782	0.754872658654272	14.10681466594	53	4
"carcinoma hepatocellular/diagnosis"	"MESH"	0.0084745762711864	1	18.8507936507937	0.488615386935281	2.49764534892221	0.132698420739352	13.1807063452203	81	12
"carcinoma hepatocellular/diagnostic imaging"	"MESH"	0.0084745762711864	1	0	0.530865982076075	1.78403239208729	0.0661845721305455	3.56872450369323	515	13
"carcinoma hepatocellular/drug therapy"	"MESH"	0.0254237288135593	3	2235.53504229121	0.592764524173256	4.99529069784443	0.695947999645395	6.67557739791268	343	15
"carcinoma hepatocellular/metabolism"	"MESH"	0.0084745762711864	1	0	0.399773109848684	3.56806478417459	0.189644254758678	3.36132454624129	543	2
"carcinoma non-small-cell lung/drug therapy"	"MESH"	0.0084745762711864	1	111.185802360209	0.460513019086333	4.28167774100951	0.421777839693013	16.4378855771154	8	5
"carcinoma pancreatic ductal/drug therapy"	"MESH"	0.0084745762711864	1	61.1515873015872	0.535605677992539	3.92487126259205	0.311558870834969	12.2999499438921	111	12
"carcinoma renal cell/chemically induced"	"MESH"	0.0084745762711864	1	6.59035314520109	0.404453571467855	5.70890365467935	0.348133888881853	14.7541442422717	37	7
"carcinoma renal cell/drug therapy"	"MESH"	0.0169491525423728	2	1143.72569758673	0.517235315751684	4.63848421942697	0.650447689365636	11.7265095052356	143	14
"carcinoma squamous cell/drug therapy"	"MESH"	0.0084745762711864	1	0	0.467882904991823	2.49764534892221	0.107549929712136	7.42326865428715	316	6
"catalase"	"MESH"	0.0084745762711864	1	0	0.537657076028179	3.92487126259205	0.214463469307633	4.46955735956825	445	15
"cation transport proteins"	"MESH"	0.0084745762711864	1	0	0.451807505341977	2.49764534892221	0.107549929712136	9.13848301736025	234	2
"cation transport proteins/genetics"	"MESH"	0.0084745762711864	1	138.447398512898	0.498024940610796	3.56806478417459	0.357587923151936	9.35078398664201	228	1
"cationic amino acid transporter 1/genetics"	"MESH"	0.0084745762711864	1	6.59035314520109	0.404453571467855	5.70890365467935	0.348133888881853	14.7541442422717	47	7
"cd4-positive t-lymphocytes"	"MESH"	0.0084745762711864	1	84.35	0.492237707050406	1.78403239208729	0.107344131913223	11.9834943474141	130	4
"cd47 antigen/metabolism"	"MESH"	0.0084745762711864	1	0	0.399773109848684	3.56806478417459	0.189644254758678	3.36132454624129	547	2
"cd8-positive t-lymphocytes"	"MESH"	0.0084745762711864	1	84.35	0.492237707050406	1.78403239208729	0.107344131913223	11.9834943474141	128	4
"cd8-positive t-lymphocytes/metabolism"	"MESH"	0.0084745762711864	1	0	0.53643474878541	3.21125830575713	0.155915578576766	3.99240903037231	480	13
"cell cycle checkpoints/drug effects"	"MESH"	0.0084745762711864	1	0	0.487153901041592	3.56806478417459	0.189644254758678	12.9468000992034	93	12
"cell cycle/drug effects"	"MESH"	0.0084745762711864	1	521.449676047787	0.542959895768648	3.92487126259205	0.483343042767949	11.948397896142	136	1
"cell differentiation"	"MESH"	0.0084745762711864	1	93.6	0.583225814610643	2.14083887050475	0.14226326920885	4.41798788427671	454	11
"cell line"	"MESH"	0.0423728813559322	5	2599.81869134798	0.518176873676179	11.9310161274793	0.891807347931257	11.7525058898084	142	8
"cell line tumor/drug effects"	"MESH"	0.0084745762711864	1	259.178552941116	0.577929248505652	2.14083887050475	0.169637542584314	5.98616828877122	370	12
"cell line tumor/transplantation"	"MESH"	0.0084745762711864	1	21.0414241332103	0.51989385773232	4.63848421942697	0.349615633034029	8.24082067404347	277	9
"cell membrane"	"MESH"	0.0084745762711864	1	181.590909090909	0.545610099803591	1.42722591366984	0.0500246957358696	2.9611967118103	551	3
"cell membrane/drug effects"	"MESH"	0.0084745762711864	1	0	0.399336723601599	2.85445182733967	0.128550803561252	6.63313233321071	345	2
"cell movement/drug effects"	"MESH"	0.0169491525423728	2	382.588461538462	0.572949986383334	6.27871648125865	0.687415306290447	11.8891948489937	139	12
"cell movement/genetics"	"MESH"	0.0084745762711864	1	5.19261841100076	0.465271478555295	4.63848421942697	0.291346360861691	12.2968505104789	117	3
"cell movement/physiology"	"MESH"	0.0084745762711864	1	17.2597402597403	0.440825242204231	4.28167774100951	0.284292245538937	7.89268654321478	300	11
"cell proliferation"	"MESH"	0.0169491525423728	2	2566.17307692308	0.558321701881173	6.0657101330968	0.786293233368372	7.70465561013273	304	10
"cell proliferation/drug effects"	"MESH"	0.0338983050847457	4	2380.65131597232	0.591276850903116	9.48997478701579	0.849090057116804	12.1613283263026	124	12
"cell proliferation/genetics"	"MESH"	0.0169491525423728	2	1618.6828803515	0.534469816538858	8.17059897103766	0.809928319043578	10.8107880896591	179	3
"cell survival/drug effects"	"MESH"	0.059322033898305	7	9309.50828328025	0.574921087636605	13.3728279316447	0.962962728435557	5.70900761946011	390	1
"cells cultured"	"MESH"	0.0254237288135593	3	3047.59062700528	0.502202922690789	9.99058139568885	0.884050353972214	10.1579633186821	209	3
"cerebral cortex/drug effects"	"MESH"	0.0084745762711864	1	0	0.363047580938719	3.21125830575713	0.155915578576766	5.06353114084426	420	1
"cerebral hemorrhage"	"MESH"	0.0084745762711864	1	0	0.531491084151418	1.78403239208729	0.0661845721305455	3.48363063216686	529	13
"cerebrovascular disorders/drug therapy"	"MESH"	0.0084745762711864	1	0	0.475127747004403	1.78403239208729	0.0661845721305455	8.89436184593746	242	6
"ceruloplasmin/metabolism"	"MESH"	0.0084745762711864	1	0	0.539499739344314	3.21125830575713	0.155915578576766	5.22586925607817	405	11
"cetuximab/administration & dosage"	"MESH"	0.0084745762711864	1	63.4876913896645	0.484709621552611	5.35209717626189	0.433144210432999	14.8700178075722	34	10
"chemical and drug induced liver injury/etiology"	"MESH"	0.0084745762711864	1	0	0.439085003958183	2.49764534892221	0.107549929712136	8.29400964845624	266	2
"chlorides/chemistry"	"MESH"	0.0084745762711864	1	8.48249874905223	0.481891417079632	2.85445182733967	0.149656159369815	7.3973547610016	318	15
"chlorophyll"	"MESH"	0.0084745762711864	1	0	0.53643474878541	3.21125830575713	0.155915578576766	3.99240903037231	477	13
"chlorophyllides"	"MESH"	0.0254237288135593	3	4974.84778693529	0.663550172758522	5.993810067969	0.812698674028951	4.30094542259152	460	15
"chlorophyllides/administration & dosage"	"MESH"	0.0084745762711864	1	0	0.555327993385513	2.14083887050475	0.0833671052798217	4.21266292898907	463	6
"chlorophyllides/chemistry"	"MESH"	0.0084745762711864	1	118.431523256425	0.489379869092387	3.56806478417459	0.349096389356771	12.9595308119259	84	15
"chlorophyllides/metabolism"	"MESH"	0.0084745762711864	1	259.178552941116	0.577929248505652	2.14083887050475	0.169637542584314	5.98616828877122	372	12
"chlorophyllides/pharmacology"	"MESH"	0.0084745762711864	1	0	0.53899702829575	2.14083887050475	0.0833671052798217	3.08889371338403	548	13
"cisplatin/administration & dosage"	"MESH"	0.0084745762711864	1	111.185802360209	0.460513019086333	4.28167774100951	0.421777839693013	16.4378855771154	4	5
"cisplatin/pharmacology"	"MESH"	0.0338983050847457	4	9677.63139323419	0.628189925880277	10.8453006355578	0.94730309899824	10.3900093335497	200	12
"coenzyme a ligases/genetics"	"MESH"	0.0084745762711864	1	116.893861964667	0.465715510121372	2.14083887050475	0.150973265282861	11.9783077177176	132	3
"colitis/drug therapy"	"MESH"	0.0084745762711864	1	0	0.530521246991818	0.713612956834918	0.0031819505831993	3.64070894164281	511	13
"colorectal neoplasms/drug therapy"	"MESH"	0.0338983050847457	4	2677.24290345645	0.532189246392287	11.1095530729527	0.89373868112106	15.2816398275406	21	4
"coordination complexes/pharmacology"	"MESH"	0.0084745762711864	1	0	0.530694449446222	1.42722591366984	0.0254556046655944	3.78221995777895	495	13
"covid-19"	"MESH"	0.0084745762711864	1	742.9	0.56608334069506	1.78403239208729	0.153442838869822	4.96035844717135	427	5
"covid-19/metabolism"	"MESH"	0.0084745762711864	1	0	0.539499739344314	3.21125830575713	0.155915578576766	5.22586925607817	404	11
"covid-19/therapy"	"MESH"	0.0084745762711864	1	0	1.55474202777969	0.713612956834918	1	0	1	16
"crispr-cas systems"	"MESH"	0.0084745762711864	1	18.8507936507937	0.488615386935281	2.49764534892221	0.132698420739352	13.1807063452203	82	12
"curcumin/pharmacology"	"MESH"	0.0084745762711864	1	0	0.531491084151418	1.78403239208729	0.0661845721305455	3.48363063216686	532	13
"cyclin-dependent kinase inhibitor p15/genetics"	"MESH"	0.0084745762711864	1	6.59035314520109	0.404453571467855	5.70890365467935	0.348133888881853	14.7541442422717	43	7
"cyclin-dependent kinase inhibitor p16/genetics"	"MESH"	0.0084745762711864	1	6.59035314520109	0.404453571467855	5.70890365467935	0.348133888881853	14.7541442422717	50	7
"cyclin-dependent kinase inhibitor p21/antagonists & inhibitors"	"MESH"	0.0084745762711864	1	41.7261935852712	0.461982430889454	3.21125830575713	0.22340142602044	13.7091749324974	75	5
"cyclohexylamines/administration & dosage"	"MESH"	0.0084745762711864	1	0	0.451505855838215	4.63848421942697	0.27237496992186	8.87615867304614	252	8
"cyclohexylamines/pharmacology"	"MESH"	0.0169491525423728	2	1374.08090991135	0.447381070894156	6.0297601005329	0.741669938323983	6.34912891883274	361	1
"cyclooxygenase 2"	"MESH"	0.0084745762711864	1	0	0.451807505341977	2.49764534892221	0.107549929712136	9.13848301736025	235	2
"cysteine/antagonists & inhibitors"	"MESH"	0.0084745762711864	1	0	0.500424319697881	4.28167774100951	0.234191562923469	11.3170927388594	153	5
"cystine/antagonists & inhibitors"	"MESH"	0.0084745762711864	1	77.2574481862793	0.544168721111657	3.92487126259205	0.337166449259761	6.78024328434841	335	14
"cystine/metabolism"	"MESH"	0.0084745762711864	1	0	0.458621893052656	2.85445182733967	0.128550803561252	9.58366033035903	218	14
"cytosol/metabolism"	"MESH"	0.0084745762711864	1	306.146283111585	0.562745920036411	4.28167774100951	0.509162751231621	12.624763889001	104	5
"deferoxamine"	"MESH"	0.0084745762711864	1	0	0.531040854013807	1.42722591366984	0.0254556046655944	3.52975685640147	523	13
"deferoxamine/pharmacology"	"MESH"	0.0084745762711864	1	102.600987780336	0.502142838701156	2.85445182733967	0.222565570344854	11.2821663074807	158	8
"deoxycytidine/analogs & derivatives"	"MESH"	0.0084745762711864	1	306.146283111585	0.562745920036411	4.28167774100951	0.509162751231621	12.624763889001	102	5
"depression chemical"	"MESH"	0.0084745762711864	1	0	0.514172496297021	3.21125830575713	0.155915578576766	11.3941959701163	146	4
"digestive system diseases/drug therapy"	"MESH"	0.0084745762711864	1	0	0.418139936500469	1.78403239208729	0.0661845721305455	4.46205019596687	450	1
"diosgenin/analogs & derivatives"	"MESH"	0.0084745762711864	1	138.447398512898	0.498024940610796	3.56806478417459	0.357587923151936	9.35078398664201	230	1
"disease progression"	"MESH"	0.0084745762711864	1	17.2597402597403	0.440825242204231	4.28167774100951	0.284292245538937	7.89268654321478	294	11
"disease/etiology"	"MESH"	0.0084745762711864	1	0	0.401283665102908	0.713612956834918	0.0031819505831993	3.73367200733963	500	11
"diterpenes/pharmacology"	"MESH"	0.0084745762711864	1	84.8102777976499	0.445287829204259	3.56806478417459	0.310412735401021	15.6508071384528	17	4
"dna catalytic"	"MESH"	0.0084745762711864	1	0	0.537657076028179	3.92487126259205	0.214463469307633	4.46955735956825	448	15
"dna damage"	"MESH"	0.0084745762711864	1	61.1515873015872	0.535605677992539	3.92487126259205	0.311558870834969	12.2999499438921	113	12
"docetaxel/pharmacology"	"MESH"	0.0084745762711864	1	196.417391656682	0.504910168846082	2.49764534892221	0.212959562315574	13.191687450551	76	1
"dose-response relationship drug"	"MESH"	0.0084745762711864	1	79.5878441982854	0.483772748015599	3.56806478417459	0.304751712870911	8.14398783064724	284	3
"doxorubicin"	"MESH"	0.0084745762711864	1	0	0.53875103804226	1.78403239208729	0.0661845721305455	4.02034619912996	472	13
"doxorubicin/administration & dosage"	"MESH"	0.0169491525423728	2	126.75	0.498229757939439	3.21125830575713	0.287784475880498	3.59138421140689	513	6
"doxorubicin/pharmacology"	"MESH"	0.0084745762711864	1	0	0.530200032407086	1.07041943525238	0.00572751104975874	3.74799702558177	498	-1
"doxorubicin/therapeutic use"	"MESH"	0.0084745762711864	1	0	0.530200032407086	1.07041943525238	0.00572751104975874	3.74799702558177	499	-1
"drug resistance neoplasm"	"MESH"	0.0423728813559322	5	2126.62961902754	0.614371819205823	8.49145541689121	0.829596256379732	11.120630061392	162	10
"drug resistance neoplasm/drug effects"	"MESH"	0.059322033898305	7	6857.08607476132	0.559769711608206	14.9499220609694	0.969883866719013	12.5250676957038	108	12
"drug synergism"	"MESH"	0.0677966101694915	8	5296.33524030318	0.581115227940525	12.1440224756412	0.943820367016628	13.8211682663913	59	12
"edaravone/pharmacology"	"MESH"	0.0084745762711864	1	0	0.375519571580403	1.42722591366984	0.0254556046655944	10.9233864222542	176	4
"endocytosis/drug effects"	"MESH"	0.0084745762711864	1	0	0.436509657800951	3.21125830575713	0.155915578576766	12.8816819530173	97	5
"endometriosis/genetics"	"MESH"	0.0084745762711864	1	5.19261841100076	0.465271478555295	4.63848421942697	0.291346360861691	12.2968505104789	119	3
"endometrium/cytology"	"MESH"	0.0084745762711864	1	5.19261841100076	0.465271478555295	4.63848421942697	0.291346360861691	12.2968505104789	116	3
"endoplasmic reticulum stress/drug effects"	"MESH"	0.0084745762711864	1	41.7261935852712	0.461982430889454	3.21125830575713	0.22340142602044	13.7091749324974	72	5
"energy metabolism/drug effects"	"MESH"	0.0084745762711864	1	0	0.514172496297021	3.21125830575713	0.155915578576766	11.3941959701163	148	4
"enzyme inhibitors/chemistry"	"MESH"	0.0084745762711864	1	0	1.55474202777969	2.49764534892221	1	0	1	17
"epithelial cells/drug effects"	"MESH"	0.0169491525423728	2	3758.93411912729	0.562168877237397	8.56335548201902	0.87931067235724	5.98041947153952	373	8
"epithelial-mesenchymal transition/drug effects"	"MESH"	0.0169491525423728	2	937.09696969697	0.50963656417837	7.49293604676664	0.767989893745013	11.6121621134585	144	10
"erbb receptors/antagonists & inhibitors"	"MESH"	0.0084745762711864	1	63.4876913896645	0.484709621552611	5.35209717626189	0.433144210432999	14.8700178075722	27	10
"erbb receptors/genetics"	"MESH"	0.0084745762711864	1	111.185802360209	0.460513019086333	4.28167774100951	0.421777839693013	16.4378855771154	9	5
"erbb receptors/metabolism"	"MESH"	0.0084745762711864	1	245.280132955326	0.502655391502831	3.92487126259205	0.433194868352731	14.8747589766052	25	12
"erlotinib hydrochloride/pharmacology"	"MESH"	0.0084745762711864	1	265.430189353415	0.561786251807058	4.63848421942697	0.563721330783551	10.3745388988878	205	10
"erythrocytes"	"MESH"	0.0084745762711864	1	0	0.534895149801527	1.42722591366984	0.0254556046655944	4.0254502921191	471	13
"esters"	"MESH"	0.0084745762711864	1	0	0.531082889420518	1.78403239208729	0.0661845721305455	3.72088790774791	505	13
"etanercept/pharmacology"	"MESH"	0.0084745762711864	1	109.207509624133	0.492556394316372	3.56806478417459	0.334000329276478	6.96029237921184	326	8
"ethanol"	"MESH"	0.0084745762711864	1	0	0.451807505341977	2.49764534892221	0.107549929712136	9.13848301736025	236	2
"everolimus/administration & dosage"	"MESH"	0.0084745762711864	1	48.0454545454545	0.487474638277985	2.14083887050475	0.119866136447107	11.8382081982359	141	6
"exosomes/drug effects"	"MESH"	0.0084745762711864	1	21.0414241332103	0.51989385773232	4.63848421942697	0.349615633034029	8.24082067404347	279	9
"exosomes/metabolism"	"MESH"	0.0084745762711864	1	0	0.399773109848684	3.56806478417459	0.189644254758678	3.36132454624129	542	2
"ferric compounds"	"MESH"	0.0169491525423728	2	1.66666666666667	0.640099063681219	5.28019711113408	0.280125631640937	3.85680927951428	493	13
"ferric compounds/adverse effects"	"MESH"	0.0084745762711864	1	6.59035314520109	0.404453571467855	5.70890365467935	0.348133888881853	14.7541442422717	49	7
"ferric compounds/chemistry"	"MESH"	0.0169491525423728	2	515.270359370359	0.495635680037879	5.35209717626189	0.642545053887362	5.7127985859089	380	9
"ferritins"	"MESH"	0.0084745762711864	1	0	0.54941577986633	1.42722591366984	0.0254556046655944	3.73115181953899	502	13
"ferritins/chemistry"	"MESH"	0.0084745762711864	1	0	0.539499739344314	3.21125830575713	0.155915578576766	5.22586925607817	409	11
"ferritins/genetics"	"MESH"	0.0084745762711864	1	6.59035314520109	0.404453571467855	5.70890365467935	0.348133888881853	14.7541442422717	42	7
"ferrocyanides/administration & dosage"	"MESH"	0.0084745762711864	1	0	0.39673702854949	1.78403239208729	0.0661845721305455	10.5565380767921	194	8
"ferroptosis"	"MESH"	0.355932203389831	42	58396.8968358396	0.803833871112047	25.2931414705435	1	3.43438585006929	537	13
"ferroptosis/drug effects"	"MESH"	0.584745762711864	69	0	1.55474202777969	0.356806478417459	1	0	1	-1
"ferroptosis/genetics"	"MESH"	0.0338983050847457	4	5879.59187144178	0.539922911935783	11.309957211667	0.942135991185522	12.9268106295839	94	3
"ferroptosis/physiology"	"MESH"	0.0254237288135593	3	5079.60714285714	0.540218669202412	7.49293604676664	0.87886741555958	5.41837550905908	401	11
"fibroblasts"	"MESH"	0.0084745762711864	1	21.3333333333333	0.574875047978716	1.78403239208729	0.0859411608262307	2.7388157698542	559	14
"fibroblasts/cytology"	"MESH"	0.0084745762711864	1	109.207509624133	0.492556394316372	3.56806478417459	0.334000329276478	6.96029237921184	327	8
"flavonoids/pharmacology"	"MESH"	0.0084745762711864	1	306.146283111585	0.562745920036411	4.28167774100951	0.509162751231621	12.624763889001	107	5
"fluorescent dyes/metabolism"	"MESH"	0.0084745762711864	1	0	0.399773109848684	3.56806478417459	0.189644254758678	3.36132454624129	546	2
"fluorouracil/pharmacology"	"MESH"	0.0169491525423728	2	1137.70952380952	0.495793270066497	5.35209717626189	0.687006876812604	15.3542614520487	20	4
"folic acid/analogs & derivatives"	"MESH"	0.0084745762711864	1	118.431523256425	0.489379869092387	3.56806478417459	0.349096389356771	12.9595308119259	88	15
"friedreich ataxia/drug therapy"	"MESH"	0.0084745762711864	1	173.08358485242	0.538884922317366	3.56806478417459	0.369853471967174	8.74584296240104	259	8
"fusion regulatory protein 1 heavy chain/metabolism"	"MESH"	0.0084745762711864	1	24.9320064628664	0.462272696163326	4.63848421942697	0.372652322032396	13.7958323027762	61	12
"gallic acid/chemistry"	"MESH"	0.0084745762711864	1	0	0.549139864895015	3.56806478417459	0.189644254758678	3.98591953453386	487	9
"gamma-glutamyltransferase/metabolism"	"MESH"	0.0084745762711864	1	0	0.458621893052656	2.85445182733967	0.128550803561252	9.58366033035903	215	14
"gastritis"	"MESH"	0.0084745762711864	1	0	0.530521246991818	0.713612956834918	0.0031819505831993	3.64070894164281	510	13
"gene expression regulation neoplastic"	"MESH"	0.0423728813559322	5	5234.68007538562	0.502560316375787	13.9154526582809	0.950595863780854	12.8732569067394	100	7
"gene expression regulation neoplastic/drug effects"	"MESH"	0.0254237288135593	3	2121.6934774357	0.578093863366212	7.8497425251841	0.819964919390585	10.0127756391094	210	5
"gene expression regulation/drug effects"	"MESH"	0.0084745762711864	1	0	0.418139936500469	1.78403239208729	0.0661845721305455	4.46205019596687	449	1
"gene expression/genetics"	"MESH"	0.0169491525423728	2	402.195946729569	0.475700402030939	6.74337305736782	0.710281024809716	12.4699517403384	110	3
"gene regulatory networks"	"MESH"	0.0084745762711864	1	6.59035314520109	0.404453571467855	5.70890365467935	0.348133888881853	14.7541442422717	51	7
"gene regulatory networks/drug effects"	"MESH"	0.0084745762711864	1	0	0.418139936500469	1.78403239208729	0.0661845721305455	4.46205019596687	453	1
"glioblastoma/drug therapy"	"MESH"	0.0169491525423728	2	644.368565511662	0.564881626442576	3.92487126259205	0.489744937374147	9.04014429298376	238	5
"glioblastoma/genetics"	"MESH"	0.0084745762711864	1	0	0.406200303821509	2.49764534892221	0.107549929712136	10.5788576874804	190	3
"glucose oxidase/chemistry"	"MESH"	0.0084745762711864	1	0	0.549139864895015	3.56806478417459	0.189644254758678	3.98591953453386	484	9
"glucose/antagonists & inhibitors"	"MESH"	0.0084745762711864	1	77.2574481862793	0.544168721111657	3.92487126259205	0.337166449259761	6.78024328434841	338	14
"glutamate dehydrogenase/antagonists & inhibitors"	"MESH"	0.0084745762711864	1	89.9779457309772	0.531634330628566	2.85445182733967	0.218088676688492	10.9799473250348	171	5
"glutamine/antagonists & inhibitors"	"MESH"	0.0084745762711864	1	77.2574481862793	0.544168721111657	3.92487126259205	0.337166449259761	6.78024328434841	331	14
"glutaredoxins/antagonists & inhibitors"	"MESH"	0.0084745762711864	1	158.710989010989	0.526008275002118	3.21125830575713	0.29709286863135	9.39872396262194	221	10
"glutathione"	"MESH"	0.0338983050847457	4	3	0.776957512582153	5.35863130031022	0.296108205316549	4.06559438597981	470	13
"glutathione disulfide/deficiency"	"MESH"	0.0084745762711864	1	0	0.458621893052656	2.85445182733967	0.128550803561252	9.58366033035903	217	14
"glutathione peroxidase/metabolism"	"MESH"	0.0084745762711864	1	89.9779457309772	0.531634330628566	2.85445182733967	0.218088676688492	10.9799473250348	169	5
"glutathione/antagonists & inhibitors"	"MESH"	0.0084745762711864	1	77.2574481862793	0.544168721111657	3.92487126259205	0.337166449259761	6.78024328434841	336	14
"glutathione/biosynthesis"	"MESH"	0.0169491525423728	2	611.51984571358	0.538760352271802	4.63848421942697	0.617925304897354	10.463963870673	199	8
"glutathione/metabolism"	"MESH"	0.0508474576271186	6	4395.05508777283	0.603227703846044	13.0939896037543	0.931523157001558	5.61782092018379	391	15
"glutathione/therapeutic use"	"MESH"	0.0084745762711864	1	0	0.439085003958183	2.49764534892221	0.107549929712136	8.29400964845624	269	2
"glypicans/therapeutic use"	"MESH"	0.0084745762711864	1	0	0.530865982076075	1.78403239208729	0.0661845721305455	3.56872450369323	514	13
"golgi apparatus/metabolism"	"MESH"	0.0084745762711864	1	0	0.399336723601599	2.85445182733967	0.128550803561252	6.63313233321071	350	2
"head and neck neoplasms/drug therapy"	"MESH"	0.0169491525423728	2	563.933333333333	0.609829162391393	5.67295362211544	0.659775078836388	9.20527381489755	231	10
"hek293 cells/metabolism"	"MESH"	0.0084745762711864	1	0	0.399773109848684	3.56806478417459	0.189644254758678	3.36132454624129	544	2
"heme oxygenase-1/genetics"	"MESH"	0.0084745762711864	1	111.185802360209	0.460513019086333	4.28167774100951	0.421777839693013	16.4378855771154	7	5
"hemin"	"MESH"	0.0084745762711864	1	0	0.537657076028179	3.92487126259205	0.214463469307633	4.46955735956825	447	15
"hemin/chemistry"	"MESH"	0.0084745762711864	1	0	0.494410562267776	3.21125830575713	0.155915578576766	6.06936293005913	365	15
"hemin/pharmacology"	"MESH"	0.0169491525423728	2	3092.06666666667	0.660824940800155	3.85297119746425	0.492268335000823	4.47600056808866	441	13
"hemoglobins/chemistry"	"MESH"	0.0084745762711864	1	79.5878441982854	0.483772748015599	3.56806478417459	0.304751712870911	8.14398783064724	287	3
"hemolysis"	"MESH"	0.0084745762711864	1	0	0.501676903097114	2.14083887050475	0.0833671052798217	5.61334487010372	392	6
"hemorrhage"	"MESH"	0.0084745762711864	1	0	0.531040854013807	1.42722591366984	0.0254556046655944	3.52975685640147	525	13
"hep g2 cells"	"MESH"	0.0254237288135593	3	2123.07237317186	0.576014364495876	6.38656657895036	0.782031635870873	8.03030676514224	290	15
"heterografts"	"MESH"	0.0084745762711864	1	0	0.399773109848684	3.56806478417459	0.189644254758678	3.36132454624129	540	2
"histones/genetics"	"MESH"	0.0084745762711864	1	77.2574481862793	0.544168721111657	3.92487126259205	0.337166449259761	6.78024328434841	337	14
"homeostasis"	"MESH"	0.0254237288135593	3	2183.5875	0.687998298217017	6.54296891865351	0.788338546877573	5.79717263098904	377	11
"homeostasis/drug effects"	"MESH"	0.0254237288135593	3	1055.60220856123	0.513475144151447	6.77932308993172	0.759473030989982	10.7899213757487	180	5
"homocysteine/genetics"	"MESH"	0.0084745762711864	1	0	0.500424319697881	4.28167774100951	0.234191562923469	11.3170927388594	151	5
"homozygote"	"MESH"	0.0084745762711864	1	6.59035314520109	0.404453571467855	5.70890365467935	0.348133888881853	14.7541442422717	41	7
"hsp27 heat-shock proteins/genetics"	"MESH"	0.0084745762711864	1	0	0.406200303821509	2.49764534892221	0.107549929712136	10.5788576874804	189	3
"human umbilical vein endothelial cells"	"MESH"	0.0084745762711864	1	0	0.494410562267776	3.21125830575713	0.155915578576766	6.06936293005913	366	15
"hyaluronic acid/chemistry"	"MESH"	0.0084745762711864	1	21.0414241332103	0.51989385773232	4.63848421942697	0.349615633034029	8.24082067404347	275	9
"hydrogen peroxide"	"MESH"	0.0084745762711864	1	0	0.537657076028179	3.92487126259205	0.214463469307633	4.46955735956825	443	15
"hydrogen peroxide/pharmacology"	"MESH"	0.0084745762711864	1	0	0.533340539373543	1.78403239208729	0.0661845721305455	3.90764947973031	490	13
"hydrogen peroxide/therapeutic use"	"MESH"	0.0084745762711864	1	181.590909090909	0.545610099803591	1.42722591366984	0.0500246957358696	2.9611967118103	552	3
"hydroxyl radical/metabolism"	"MESH"	0.0084745762711864	1	0	0.494410562267776	3.21125830575713	0.155915578576766	6.06936293005913	367	15
"hypoxia"	"MESH"	0.0084745762711864	1	0	0.530969759042313	1.42722591366984	0.0254556046655944	3.92848620808553	489	13
"hypoxia-inducible factor 1 alpha subunit"	"MESH"	0.0084745762711864	1	0	0.537657076028179	3.92487126259205	0.214463469307633	4.46955735956825	444	15
"hypoxia/drug therapy"	"MESH"	0.0254237288135593	3	918.25	0.651359476084191	6.74337305736782	0.748502425247907	3.63930236144409	512	15
"imidazoles/chemistry"	"MESH"	0.0169491525423728	2	906.119468374667	0.549722107077625	5.70890365467935	0.705310216435962	8.24066729752158	280	9
"imidazoles/pharmacology"	"MESH"	0.0169491525423728	2	1077.83464904506	0.52350313070362	6.0657101330968	0.733976266764605	8.01229329909844	291	8
"immune checkpoint inhibitors/pharmacology"	"MESH"	0.0084745762711864	1	21.0414241332103	0.51989385773232	4.63848421942697	0.349615633034029	8.24082067404347	271	9
"immunogenic cell death"	"MESH"	0.0084745762711864	1	268.368421052632	0.541120104157666	1.07041943525238	0.0121389040159066	4.01335335018964	475	-1
"immunogenic cell death/drug effects"	"MESH"	0.0084745762711864	1	89.9779457309772	0.531634330628566	2.85445182733967	0.218088676688492	10.9799473250348	168	5
"immunologic memory"	"MESH"	0.0084745762711864	1	21.0414241332103	0.51989385773232	4.63848421942697	0.349615633034029	8.24082067404347	274	9
"indoles/chemistry"	"MESH"	0.0084745762711864	1	118.431523256425	0.489379869092387	3.56806478417459	0.349096389356771	12.9595308119259	86	15
"indoles/pharmacology"	"MESH"	0.0084745762711864	1	89.9779457309772	0.531634330628566	2.85445182733967	0.218088676688492	10.9799473250348	170	5
"inflammation/metabolism"	"MESH"	0.0084745762711864	1	0	0.539499739344314	3.21125830575713	0.155915578576766	5.22586925607817	408	11
"interleukin-13/pharmacology"	"MESH"	0.0084745762711864	1	0	0.451505855838215	4.63848421942697	0.27237496992186	8.87615867304614	248	8
"intracellular signaling peptides and proteins/metabolism"	"MESH"	0.0084745762711864	1	0	0.472714219210703	1.42722591366984	0.0254556046655944	7.30422160828863	320	8
"iodates/adverse effects"	"MESH"	0.0084745762711864	1	0	0.39673702854949	1.78403239208729	0.0661845721305455	10.5565380767921	197	8
"iridium/pharmacology"	"MESH"	0.0084745762711864	1	0	0.530694449446222	1.42722591366984	0.0254556046655944	3.78221995777895	496	13
"iron"	"MESH"	0.0338983050847457	4	3302.57142857143	0.777847858819253	8.80624377734557	0.869327896049949	3.99233531070224	482	13
"iron compounds/administration & dosage"	"MESH"	0.0084745762711864	1	0	0.463218827855035	1.42722591366984	0.0254556046655944	2.10898113506355	561	6
"iron overload/drug therapy"	"MESH"	0.0084745762711864	1	1358.20555555556	0.583535827586445	1.78403239208729	0.159369815478527	4.15576663676212	465	2
"iron-binding proteins/genetics"	"MESH"	0.0084745762711864	1	173.08358485242	0.538884922317366	3.56806478417459	0.369853471967174	8.74584296240104	258	8
"iron/administration & dosage"	"MESH"	0.0084745762711864	1	0	0.439085003958183	2.49764534892221	0.107549929712136	8.29400964845624	267	2
"iron/chemistry"	"MESH"	0.0169491525423728	2	6173.84818120476	0.602091669055239	4.56658415429916	0.637890857511936	4.69698200115873	438	1
"iron/metabolism"	"MESH"	0.11864406779661	14	19642.4383533134	0.71392499103992	14.477213718413	0.987582477425564	5.93114385440615	374	11
"iron/therapeutic use"	"MESH"	0.0084745762711864	1	0	0.533195238655675	1.42722591366984	0.0254556046655944	3.48703379674368	526	13
"isografts"	"MESH"	0.0084745762711864	1	0	0.388387827278467	1.78403239208729	0.0661845721305455	6.55019813532425	351	3
"isoniazid/administration & dosage"	"MESH"	0.0084745762711864	1	0	0.439085003958183	2.49764534892221	0.107549929712136	8.29400964845624	265	2
"keloid/drug therapy"	"MESH"	0.0084745762711864	1	21.3333333333333	0.574875047978716	1.78403239208729	0.0859411608262307	2.7388157698542	558	14
"ketones/chemistry"	"MESH"	0.0084745762711864	1	24.4524114774115	0.500863146627289	2.49764534892221	0.141794683451324	11.0533400582232	164	14
"ketones/pharmacology"	"MESH"	0.0084745762711864	1	109.207509624133	0.492556394316372	3.56806478417459	0.334000329276478	6.96029237921184	323	8
"kidney"	"MESH"	0.0084745762711864	1	0	0.579079348535256	2.49764534892221	0.107549929712136	5.14660527952184	414	15
"kidney/drug effects"	"MESH"	0.0084745762711864	1	0	0.399773109848684	3.56806478417459	0.189644254758678	3.36132454624129	545	2
"lipid metabolism/drug effects"	"MESH"	0.0169491525423728	2	70.7575718197307	0.594083188307886	2.14083887050475	0.126502323932068	5.46826731960851	400	6
"lipid metabolism/genetics"	"MESH"	0.0084745762711864	1	24.4524114774115	0.500863146627289	2.49764534892221	0.141794683451324	11.0533400582232	167	14
"lipid peroxides"	"MESH"	0.0084745762711864	1	0	0.530865982076075	1.78403239208729	0.0661845721305455	3.56872450369323	516	13
"lipid peroxides/therapeutic use"	"MESH"	0.0084745762711864	1	0	0.53726065443136	1.78403239208729	0.0661845721305455	3.643662984686	508	9
"lipids/chemistry"	"MESH"	0.0084745762711864	1	0	0.460140203089227	2.14083887050475	0.0833671052798217	9.95029232618678	213	4
"lipids/toxicity"	"MESH"	0.0084745762711864	1	0	0.436509657800951	3.21125830575713	0.155915578576766	12.8816819530173	98	5
"lipocalin-2/genetics"	"MESH"	0.0084745762711864	1	6.59035314520109	0.404453571467855	5.70890365467935	0.348133888881853	14.7541442422717	46	7
"liver neoplasms/drug therapy"	"MESH"	0.0084745762711864	1	0	0.514172496297021	3.21125830575713	0.155915578576766	11.3941959701163	147	4
"liver/drug effects"	"MESH"	0.0169491525423728	2	1978.5	0.462030535495361	6.0657101330968	0.76628968731399	6.84221487027672	330	2
"lung diseases/drug therapy"	"MESH"	0.0084745762711864	1	85.6	0.533455990977447	1.78403239208729	0.109319790782791	5.1982685980668	412	11
"lung neoplasms/drug therapy"	"MESH"	0.0084745762711864	1	259.178552941116	0.577929248505652	2.14083887050475	0.169637542584314	5.98616828877122	371	12
"lung/drug effects"	"MESH"	0.0084745762711864	1	0	0.363047580938719	3.21125830575713	0.155915578576766	5.06353114084426	423	1
"lymphoma/drug therapy"	"MESH"	0.0084745762711864	1	24.4524114774115	0.500863146627289	2.49764534892221	0.141794683451324	11.0533400582232	165	14
"lysosomes/drug effects"	"MESH"	0.0169491525423728	2	1071.62705225887	0.494602076874888	4.99529069784443	0.65859094996264	11.2558542301394	161	5
"lysosomes/metabolism"	"MESH"	0.0084745762711864	1	0	0.501676903097114	2.14083887050475	0.0833671052798217	5.61334487010372	393	6
"macromolecular substances/administration & dosage"	"MESH"	0.0084745762711864	1	0	0.467882904991823	2.49764534892221	0.107549929712136	7.42326865428715	314	6
"macular degeneration/chemically induced"	"MESH"	0.0084745762711864	1	0	0.39673702854949	1.78403239208729	0.0661845721305455	10.5565380767921	195	8
"macular degeneration/genetics"	"MESH"	0.0084745762711864	1	265.650584952611	0.545281481832734	4.63848421942697	0.575917224959157	5.70986643927931	382	8
"maleic anhydrides/chemistry"	"MESH"	0.0084745762711864	1	0	0.501676903097114	2.14083887050475	0.0833671052798217	5.61334487010372	395	6
"malondialdehyde/metabolism"	"MESH"	0.0084745762711864	1	138.447398512898	0.498024940610796	3.56806478417459	0.357587923151936	9.35078398664201	229	1
"mammary neoplasms animal/drug therapy"	"MESH"	0.0084745762711864	1	74.66929231236	0.508670424640976	2.14083887050475	0.127331847367688	6.53175479440301	356	6
"manganese compounds"	"MESH"	0.0084745762711864	1	0	0.53875103804226	1.78403239208729	0.0661845721305455	4.02034619912996	474	13
"manganese compounds/chemistry"	"MESH"	0.0169491525423728	2	304.399392145522	0.490559032849767	5.31614714369798	0.600422993629767	8.79513566914826	255	15
"mcf-7 cells"	"MESH"	0.0254237288135593	3	2268.8	0.527889859337433	6.0657101330968	0.777060827497119	4.3151503798044	459	9
"mebendazole/analogs & derivatives"	"MESH"	0.0084745762711864	1	521.449676047787	0.542959895768648	3.92487126259205	0.483343042767949	11.948397896142	133	1
"melanoma/drug therapy"	"MESH"	0.0254237288135593	3	6400.14465090465	0.58121549432276	7.13612956834918	0.881520624105571	6.47540746603486	359	5
"membrane potential mitochondrial/drug effects"	"MESH"	0.0084745762711864	1	111.185802360209	0.460513019086333	4.28167774100951	0.421777839693013	16.4378855771154	6	5
"metabolism"	"MESH"	0.0084745762711864	1	0	0.401283665102908	0.713612956834918	0.0031819505831993	3.73367200733963	501	11
"metal-organic frameworks/chemistry"	"MESH"	0.0084745762711864	1	74.66929231236	0.508670424640976	2.14083887050475	0.127331847367688	6.53175479440301	357	6
"metal-organic frameworks/pharmacology"	"MESH"	0.0169491525423728	2	348.319047619048	0.65019843945024	4.95934066528052	0.600448322589633	4.20812638171231	464	9
"metal-organic frameworks/therapeutic use"	"MESH"	0.0084745762711864	1	181.590909090909	0.545610099803591	1.42722591366984	0.0500246957358696	2.9611967118103	550	3
"methionine/antagonists & inhibitors"	"MESH"	0.0084745762711864	1	0	0.500424319697881	4.28167774100951	0.234191562923469	11.3170927388594	154	5
"methylene blue/pharmacology"	"MESH"	0.0084745762711864	1	0	0.460140203089227	2.14083887050475	0.0833671052798217	9.95029232618678	211	4
"micrornas/genetics"	"MESH"	0.0084745762711864	1	5.19261841100076	0.465271478555295	4.63848421942697	0.291346360861691	12.2968505104789	120	3
"mitochondria"	"MESH"	0.0169491525423728	2	8	0.642013316693304	2.81850179477577	0.125606311976799	4.3584690971351	458	13
"mitochondria/drug effects"	"MESH"	0.0508474576271186	6	16258.4518441318	0.700787076194261	13.2503919434574	0.975231443370778	7.68102018494399	306	10
"mitochondria/metabolism"	"MESH"	0.0084745762711864	1	0	0.561758152103425	2.49764534892221	0.107549929712136	5.56970706847767	396	11
"mitochondria/pathology"	"MESH"	0.0084745762711864	1	17.2597402597403	0.440825242204231	4.28167774100951	0.284292245538937	7.89268654321478	299	11
"mitochondrial membrane transport proteins/genetics"	"MESH"	0.0084745762711864	1	265.430189353415	0.561786251807058	4.63848421942697	0.563721330783551	10.3745388988878	201	10
"mitophagy/physiology"	"MESH"	0.0084745762711864	1	17.2597402597403	0.440825242204231	4.28167774100951	0.284292245538937	7.89268654321478	302	11
"molecular probes/chemistry"	"MESH"	0.0084745762711864	1	0	1.55474202777969	2.49764534892221	1	0	4	17
"monocarboxylic acid transporters/genetics"	"MESH"	0.0084745762711864	1	265.430189353415	0.561786251807058	4.63848421942697	0.563721330783551	10.3745388988878	203	10
"motor neurons/drug effects"	"MESH"	0.0084745762711864	1	0	0.375519571580403	1.42722591366984	0.0254556046655944	10.9233864222542	174	4
"mptp poisoning/drug therapy"	"MESH"	0.0084745762711864	1	0	0.422562917664553	1.78403239208729	0.0661845721305455	5.10858508666818	415	1
"mutation"	"MESH"	0.0169491525423728	2	617.504329004329	0.491321708202109	6.74337305736782	0.72779916667722	10.4857782070992	198	10
"myocardial infarction/metabolism"	"MESH"	0.0084745762711864	1	102.600987780336	0.502142838701156	2.85445182733967	0.222565570344854	11.2821663074807	156	8
"myocardial reperfusion injury/metabolism"	"MESH"	0.0084745762711864	1	102.600987780336	0.502142838701156	2.85445182733967	0.222565570344854	11.2821663074807	159	8
"myocytes cardiac/drug effects"	"MESH"	0.0084745762711864	1	102.600987780336	0.502142838701156	2.85445182733967	0.222565570344854	11.2821663074807	160	8
"n-acetylgalactosaminyltransferases/metabolism"	"MESH"	0.0084745762711864	1	245.280132955326	0.502655391502831	3.92487126259205	0.433194868352731	14.8747589766052	24	12
"necroptosis/drug effects"	"MESH"	0.0338983050847457	4	5292.0037600441	0.594110079687285	9.95463136312495	0.919811679183394	7.12424473628446	322	8
"necrosis"	"MESH"	0.0084745762711864	1	85.6	0.533455990977447	1.78403239208729	0.109319790782791	5.1982685980668	410	11
"neoplasm invasiveness"	"MESH"	0.0169491525423728	2	382.588461538462	0.572949986383334	6.27871648125865	0.687415306290447	11.8891948489937	138	12
"neoplasm metastasis"	"MESH"	0.0084745762711864	1	0	0.561758152103425	2.49764534892221	0.107549929712136	5.56970706847767	397	11
"neoplasms"	"MESH"	0.0084745762711864	1	0	0.531006094872074	1.42722591366984	0.0254556046655944	3.55422197865703	521	13
"neoplasms/diagnosis"	"MESH"	0.0084745762711864	1	0	0.539499739344314	3.21125830575713	0.155915578576766	5.22586925607817	407	11
"neoplasms/diagnostic imaging"	"MESH"	0.0338983050847457	4	4017.5	0.649397369234599	6.0297601005329	0.808817010929446	3.66393064231969	506	13
"neoplasms/drug therapy"	"MESH"	0.169491525423729	20	22896.1440455786	0.803826307032311	14.0645506236587	0.989339674016286	3.54055404726514	522	13
"neoplasms/pathology"	"MESH"	0.0169491525423728	2	67.2597402597402	0.453323098734932	4.63848421942697	0.411950203264903	6.50671253026786	358	11
"neoplasms/therapy"	"MESH"	0.0169491525423728	2	288.810920818151	0.587616647816888	2.85445182733967	0.274369625511328	7.20235652032429	321	5
"neoplastic stem cells/drug effects"	"MESH"	0.0084745762711864	1	93.6	0.583225814610643	2.14083887050475	0.14226326920885	4.41798788427671	455	11
"neoplastic stem cells/metabolism"	"MESH"	0.0084745762711864	1	0	0.561758152103425	2.49764534892221	0.107549929712136	5.56970706847767	398	11
"neoplastic stem cells/pathology"	"MESH"	0.0084745762711864	1	0	0.554675364810367	1.07041943525238	0.00572751104975874	4.68226083071949	439	-1
"nervous system diseases/drug therapy"	"MESH"	0.0084745762711864	1	0	0.418139936500469	1.78403239208729	0.0661845721305455	4.46205019596687	451	1
"neurodegenerative diseases/drug therapy"	"MESH"	0.0084745762711864	1	0	1.55474202777969	0.356806478417459	1	0	2	-1
"neuroendocrine tumors/drug therapy"	"MESH"	0.0084745762711864	1	41.7261935852712	0.461982430889454	3.21125830575713	0.22340142602044	13.7091749324974	71	5
"neurons/drug effects"	"MESH"	0.0084745762711864	1	0	0.363047580938719	3.21125830575713	0.155915578576766	5.06353114084426	425	1
"neuroprotective agents/administration & dosage"	"MESH"	0.0084745762711864	1	0	0.475127747004403	1.78403239208729	0.0661845721305455	8.89436184593746	241	6
"neuroprotective agents/pharmacology"	"MESH"	0.0084745762711864	1	0	0.375519571580403	1.42722591366984	0.0254556046655944	10.9233864222542	177	4
"neurotoxicity syndromes/etiology"	"MESH"	0.0084745762711864	1	0	0.363047580938719	3.21125830575713	0.155915578576766	5.06353114084426	424	1
"nf-e2-related factor 2/antagonists & inhibitors"	"MESH"	0.0084745762711864	1	118.431523256425	0.489379869092387	3.56806478417459	0.349096389356771	12.9595308119259	87	15
"nf-e2-related factor 2/genetics"	"MESH"	0.0169491525423728	2	732.810541615247	0.52418187880343	5.63700358955154	0.672838489887413	10.6520782116355	184	5
"nf-e2-related factor 2/metabolism"	"MESH"	0.0169491525423728	2	373.288846805369	0.468455654886338	6.38656657895036	0.691315966109852	12.9192757814288	95	5
"niacinamide/administration & dosage"	"MESH"	0.0084745762711864	1	41.7261935852712	0.461982430889454	3.21125830575713	0.22340142602044	13.7091749324974	74	5
"nih 3t3 cells"	"MESH"	0.0084745762711864	1	0	0.537850989548855	1.78403239208729	0.0661845721305455	3.45485955031571	534	15
"nitriles/chemistry"	"MESH"	0.0084745762711864	1	0	1.55474202777969	2.49764534892221	1	0	2	17
"nitriles/pharmacology"	"MESH"	0.0084745762711864	1	24.9320064628664	0.462272696163326	4.63848421942697	0.372652322032396	13.7958323027762	69	12
"nitrilotriacetic acid/adverse effects"	"MESH"	0.0084745762711864	1	6.59035314520109	0.404453571467855	5.70890365467935	0.348133888881853	14.7541442422717	48	7
"organoids/drug effects"	"MESH"	0.0084745762711864	1	84.8102777976499	0.445287829204259	3.56806478417459	0.310412735401021	15.6508071384528	18	4
"osteosarcoma/drug therapy"	"MESH"	0.0084745762711864	1	0	0.531082889420518	1.78403239208729	0.0661845721305455	3.72088790774791	504	13
"ovalbumin/adverse effects"	"MESH"	0.0084745762711864	1	0	0.451505855838215	4.63848421942697	0.27237496992186	8.87615867304614	244	8
"ovarian neoplasms/drug therapy"	"MESH"	0.0169491525423728	2	389.576923076923	0.543444456794507	6.38656657895036	0.696008155925077	12.5015724389986	109	12
"ovary/pathology"	"MESH"	0.0084745762711864	1	245.280132955326	0.502655391502831	3.92487126259205	0.433194868352731	14.8747589766052	26	12
"oxidants/chemistry"	"MESH"	0.0084745762711864	1	2.38333333333333	0.561865165985806	1.78403239208729	0.0671724015653297	6.77716832897092	341	15
"oxidative stress"	"MESH"	0.0338983050847457	4	4428.68614906602	0.468217358426006	12.4882267446111	0.931580147161257	11.8386771263539	140	7
"oxidative stress/drug effects"	"MESH"	0.0338983050847457	4	2429.74211847343	0.524772568733808	9.79017725697455	0.862181963247679	11.2844776347432	155	8
"oxides"	"MESH"	0.0084745762711864	1	0	0.53875103804226	1.78403239208729	0.0661845721305455	4.02034619912996	473	13
"oxides/chemistry"	"MESH"	0.0084745762711864	1	0	1.55474202777969	2.49764534892221	1	0	8	17
"oxygen"	"MESH"	0.0254237288135593	3	1101.5	0.731374541809911	6.89977539707097	0.765783108116665	4.10932701850493	466	15
"oxygen/analysis"	"MESH"	0.0084745762711864	1	79.5878441982854	0.483772748015599	3.56806478417459	0.304751712870911	8.14398783064724	288	3
"oxygen/metabolism"	"MESH"	0.0084745762711864	1	0	0.494410562267776	3.21125830575713	0.155915578576766	6.06936293005913	369	15
"oxygen/pharmacology"	"MESH"	0.0084745762711864	1	0	0.53899702829575	2.14083887050475	0.0833671052798217	3.08889371338403	549	13
"pancreatic neoplasms"	"MESH"	0.0084745762711864	1	306.146283111585	0.562745920036411	4.28167774100951	0.509162751231621	12.624763889001	103	5
"pancreatic neoplasms/drug therapy"	"MESH"	0.0084745762711864	1	118.431523256425	0.489379869092387	3.56806478417459	0.349096389356771	12.9595308119259	83	15
"pc12 cells"	"MESH"	0.0169491525423728	2	1199.0751873635	0.427357953700654	4.99529069784443	0.666892516558808	5.7403504937481	379	1
"pharmaceutical preparations"	"MESH"	0.0084745762711864	1	0	0.570963138470721	1.78403239208729	0.0661845721305455	4.88272541994068	429	9
"phenylenediamines/administration & dosage"	"MESH"	0.0084745762711864	1	0	0.451505855838215	4.63848421942697	0.27237496992186	8.87615867304614	251	8
"phenylenediamines/pharmacology"	"MESH"	0.0169491525423728	2	1374.08090991135	0.447381070894156	6.0297601005329	0.741669938323983	6.34912891883274	360	1
"phenylthiohydantoin/pharmacology"	"MESH"	0.0084745762711864	1	24.9320064628664	0.462272696163326	4.63848421942697	0.372652322032396	13.7958323027762	62	12
"phenylurea compounds/administration & dosage"	"MESH"	0.0084745762711864	1	41.7261935852712	0.461982430889454	3.21125830575713	0.22340142602044	13.7091749324974	73	5
"phospholipid hydroperoxide glutathione peroxidase"	"MESH"	0.0084745762711864	1	1779.4880952381	0.58282623548678	1.42722591366984	0.0625625308696698	3.56426182690238	517	2
"phospholipid hydroperoxide glutathione peroxidase/antagonists & inhibitors"	"MESH"	0.0084745762711864	1	0	1.55474202777969	2.49764534892221	1	0	7	17
"phospholipid hydroperoxide glutathione peroxidase/biosynthesis"	"MESH"	0.0084745762711864	1	0	0.422562917664553	1.78403239208729	0.0661845721305455	5.10858508666818	417	1
"phospholipid hydroperoxide glutathione peroxidase/genetics"	"MESH"	0.0423728813559322	5	11392.4991674993	0.604011107012014	11.9767108436449	0.962962728435557	9.80371997797576	214	3
"phospholipid hydroperoxide glutathione peroxidase/metabolism"	"MESH"	0.0338983050847457	4	1204.00702742614	0.500671420492904	8.92016196043648	0.807436582616735	9.10698121134531	237	12
"phosphotransferases (alcohol group acceptor)/antagonists & inhibitors"	"MESH"	0.0084745762711864	1	18.8507936507937	0.488615386935281	2.49764534892221	0.132698420739352	13.1807063452203	79	12
"photosensitizing agents"	"MESH"	0.0169491525423728	2	3	0.63959405597874	3.17530827319323	0.13305302617748	3.88948510717613	492	13
"photosensitizing agents/administration & dosage"	"MESH"	0.0254237288135593	3	307.028851540616	0.535718593254759	5.63700358955154	0.633749572573802	6.94493515048085	329	6
"photosensitizing agents/analysis"	"MESH"	0.0084745762711864	1	79.5878441982854	0.483772748015599	3.56806478417459	0.304751712870911	8.14398783064724	282	3
"photosensitizing agents/chemistry"	"MESH"	0.0423728813559322	5	1914.77621339445	0.56376524657529	10.3114378415424	0.849438330314966	6.71412360643018	342	15
"photosensitizing agents/pharmacology"	"MESH"	0.11864406779661	14	13508.017052246	0.803833586066791	19.4951045111532	0.987563480705665	3.41100025763401	538	13
"photosensitizing agents/therapeutic use"	"MESH"	0.0338983050847457	4	12829.9339285714	0.746278896271571	8.36295134330471	0.917256620356885	3.89424114477545	491	8
"piperazine/pharmacology"	"MESH"	0.0084745762711864	1	0	0.399336723601599	2.85445182733967	0.128550803561252	6.63313233321071	344	2
"piperazines"	"MESH"	0.0084745762711864	1	0	0.406200303821509	2.49764534892221	0.107549929712136	10.5788576874804	193	3
"piperazines/administration & dosage"	"MESH"	0.0254237288135593	3	748.357424041476	0.548655077542185	5.993810067969	0.706760299388306	8.2299711727215	281	6
"piperazines/chemistry"	"MESH"	0.0084745762711864	1	24.4524114774115	0.500863146627289	2.49764534892221	0.141794683451324	11.0533400582232	166	14
"piperazines/metabolism"	"MESH"	0.0084745762711864	1	0	0.399773109848684	3.56806478417459	0.189644254758678	3.36132454624129	541	2
"piperazines/pharmacology"	"MESH"	0.0338983050847457	4	2403.39047264246	0.499104334705903	10.3473878741063	0.871635997517762	12.7004549619486	101	8
"piperazines/therapeutic use"	"MESH"	0.0084745762711864	1	77.2574481862793	0.544168721111657	3.92487126259205	0.337166449259761	6.78024328434841	332	14
"plant extracts/pharmacology"	"MESH"	0.0169491525423728	2	138.327770609261	0.498565087008288	6.63552295967611	0.588119451374729	16.787161421101	2	4
"plant leaves/chemistry"	"MESH"	0.0084745762711864	1	111.185802360209	0.460513019086333	4.28167774100951	0.421777839693013	16.4378855771154	11	5
"porphyrins"	"MESH"	0.0084745762711864	1	0	0.537850989548855	1.78403239208729	0.0661845721305455	3.45485955031571	535	15
"porphyrins/administration & dosage"	"MESH"	0.0169491525423728	2	366.42224025974	0.528370370600784	4.24572770844561	0.472258456706475	6.11636654949079	363	6
"porphyrins/pharmacology"	"MESH"	0.0254237288135593	3	5.5	0.72856820133988	5.47254948340113	0.311166271957042	3.94657477948062	488	13
"porphyrins/therapeutic use"	"MESH"	0.0084745762711864	1	0	0.533195238655675	1.42722591366984	0.0254556046655944	3.48703379674368	527	13
"proanthocyanidins/metabolism"	"MESH"	0.0084745762711864	1	84.8102777976499	0.445287829204259	3.56806478417459	0.310412735401021	15.6508071384528	19	4
"prodrugs/chemistry"	"MESH"	0.0084745762711864	1	0	1.55474202777969	2.49764534892221	1	0	6	17
"prostate/pathology"	"MESH"	0.0084745762711864	1	24.9320064628664	0.462272696163326	4.63848421942697	0.372652322032396	13.7958323027762	67	12
"prostatic neoplasms castration-resistant/diagnosis"	"MESH"	0.0084745762711864	1	24.9320064628664	0.462272696163326	4.63848421942697	0.372652322032396	13.7958323027762	68	12
"prostatic neoplasms castration-resistant/drug therapy"	"MESH"	0.0169491525423728	2	2963.88457027056	0.560785492061095	4.95934066528052	0.708501665379111	10.9273882077217	173	1
"protein isoforms/genetics"	"MESH"	0.0084745762711864	1	196.417391656682	0.504910168846082	2.49764534892221	0.212959562315574	13.191687450551	77	1
"protein kinase inhibitors/pharmacology"	"MESH"	0.0084745762711864	1	265.430189353415	0.561786251807058	4.63848421942697	0.563721330783551	10.3745388988878	204	10
"proto-oncogene proteins p21(ras)/genetics"	"MESH"	0.0084745762711864	1	63.4876913896645	0.484709621552611	5.35209717626189	0.433144210432999	14.8700178075722	28	10
"pyridazines/pharmacology"	"MESH"	0.0084745762711864	1	102.600987780336	0.502142838701156	2.85445182733967	0.222565570344854	11.2821663074807	157	8
"pyroptosis"	"MESH"	0.0084745762711864	1	85.6	0.533455990977447	1.78403239208729	0.109319790782791	5.1982685980668	411	11
"pyroptosis/drug effects"	"MESH"	0.0254237288135593	3	1554.22701118986	0.591116077900915	6.74337305736782	0.778761033928142	5.87799936826754	375	8
"quassins/chemistry"	"MESH"	0.0084745762711864	1	118.431523256425	0.489379869092387	3.56806478417459	0.349096389356771	12.9595308119259	85	15
"quinolines/pharmacology"	"MESH"	0.0084745762711864	1	0	0.388387827278467	1.78403239208729	0.0661845721305455	6.55019813532425	352	3
"ranibizumab/therapeutic use"	"MESH"	0.0084745762711864	1	265.650584952611	0.545281481832734	4.63848421942697	0.575917224959157	5.70986643927931	388	8
"reactive oxygen species"	"MESH"	0.0338983050847457	4	2659.35845251773	0.674524075654449	6.38656657895036	0.807056648218741	5.48180249458621	399	5
"reactive oxygen species/antagonists & inhibitors"	"MESH"	0.0169491525423728	2	914.202698472669	0.562921320425839	3.17530827319323	0.302921695520573	8.50870094625211	262	6
"reactive oxygen species/chemistry"	"MESH"	0.0084745762711864	1	2.38333333333333	0.561865165985806	1.78403239208729	0.0671724015653297	6.77716832897092	340	15
"reactive oxygen species/metabolism"	"MESH"	0.144067796610169	17	3676.02857142857	0.570098480735833	7.69987430952929	0.865946479907803	5.31247815542213	403	1
"receptor endothelin b/metabolism"	"MESH"	0.0084745762711864	1	0	0.454249868840808	1.78403239208729	0.0661845721305455	4.0905848873552	468	1
"receptor erbb-2/antagonists & inhibitors"	"MESH"	0.0084745762711864	1	0	0.388387827278467	1.78403239208729	0.0661845721305455	6.55019813532425	354	3
"receptors androgen/genetics"	"MESH"	0.0084745762711864	1	196.417391656682	0.504910168846082	2.49764534892221	0.212959562315574	13.191687450551	78	1
"receptors transferrin/genetics"	"MESH"	0.0084745762711864	1	6.59035314520109	0.404453571467855	5.70890365467935	0.348133888881853	14.7541442422717	44	7
"receptors transferrin/metabolism"	"MESH"	0.0084745762711864	1	0	0.399336723601599	2.85445182733967	0.128550803561252	6.63313233321071	349	2
"retinal drusen/genetics"	"MESH"	0.0084745762711864	1	265.650584952611	0.545281481832734	4.63848421942697	0.575917224959157	5.70986643927931	386	8
"retinal pigment epithelium/cytology"	"MESH"	0.0084745762711864	1	0	0.39673702854949	1.78403239208729	0.0661845721305455	10.5565380767921	196	8
"retinal pigment epithelium/drug effects"	"MESH"	0.0084745762711864	1	265.650584952611	0.545281481832734	4.63848421942697	0.575917224959157	5.70986643927931	389	8
"retinoblastoma-binding protein 2/genetics"	"MESH"	0.0084745762711864	1	265.430189353415	0.561786251807058	4.63848421942697	0.563721330783551	10.3745388988878	206	10
"ribosome inactivating proteins type 2/isolation & purification"	"MESH"	0.0084745762711864	1	0	0.487153901041592	3.56806478417459	0.189644254758678	12.9468000992034	91	12
"rifampin/administration & dosage"	"MESH"	0.0084745762711864	1	0	0.439085003958183	2.49764534892221	0.107549929712136	8.29400964845624	264	2
"rna interference"	"MESH"	0.0084745762711864	1	158.710989010989	0.526008275002118	3.21125830575713	0.29709286863135	9.39872396262194	224	10
"rna long noncoding/physiology"	"MESH"	0.0084745762711864	1	5.19261841100076	0.465271478555295	4.63848421942697	0.291346360861691	12.2968505104789	115	3
"rna small interfering"	"MESH"	0.0084745762711864	1	138.447398512898	0.498024940610796	3.56806478417459	0.357587923151936	9.35078398664201	226	1
"rose bengal/metabolism"	"MESH"	0.0084745762711864	1	0	0.399773109848684	3.56806478417459	0.189644254758678	3.36132454624129	539	2
"selenocysteine/chemistry"	"MESH"	0.0084745762711864	1	0	1.55474202777969	2.49764534892221	1	0	3	17
"sequence deletion"	"MESH"	0.0084745762711864	1	6.59035314520109	0.404453571467855	5.70890365467935	0.348133888881853	14.7541442422717	38	7
"sesquiterpenes/administration & dosage"	"MESH"	0.0084745762711864	1	63.4876913896645	0.484709621552611	5.35209717626189	0.433144210432999	14.8700178075722	31	10
"silicon dioxide/chemistry"	"MESH"	0.0169491525423728	2	304.399392145522	0.490559032849767	5.31614714369798	0.600422993629767	8.79513566914826	256	15
"simvastatin/chemistry"	"MESH"	0.0084745762711864	1	0	0.394797824371741	1.42722591366984	0.0254556046655944	2.87709461248257	553	9
"singlet oxygen"	"MESH"	0.0084745762711864	1	0	0.531006094872074	1.42722591366984	0.0254556046655944	3.55422197865703	520	13
"sirolimus/analogs & derivatives"	"MESH"	0.0084745762711864	1	245.280132955326	0.502655391502831	3.92487126259205	0.433194868352731	14.8747589766052	22	12
"skin neoplasms/drug therapy"	"MESH"	0.0169491525423728	2	478.497835497835	0.548440894974172	4.99529069784443	0.618466711414496	6.33312016657642	362	9
"small molecule libraries/chemistry"	"MESH"	0.0084745762711864	1	0	1.55474202777969	2.49764534892221	1	0	5	17
"sorafenib"	"MESH"	0.0084745762711864	1	0	0.555327993385513	2.14083887050475	0.0833671052798217	4.21266292898907	462	6
"sorafenib/administration & dosage"	"MESH"	0.0084745762711864	1	64.3026570048309	0.493932115469179	1.42722591366984	0.0383733741973886	10.5881074079413	187	15
"sorafenib/analogs & derivatives"	"MESH"	0.0084745762711864	1	8.48249874905223	0.481891417079632	2.85445182733967	0.149656159369815	7.3973547610016	317	15
"sorafenib/pharmacology"	"MESH"	0.0169491525423728	2	1724.40048840049	0.604617410859689	3.92487126259205	0.524955357708236	7.71255541134602	303	4
"sorafenib/therapeutic use"	"MESH"	0.0084745762711864	1	77.2574481862793	0.544168721111657	3.92487126259205	0.337166449259761	6.78024328434841	339	14
"species specificity"	"MESH"	0.0084745762711864	1	6.59035314520109	0.404453571467855	5.70890365467935	0.348133888881853	14.7541442422717	39	7
"starch/analogs & derivatives"	"MESH"	0.0084745762711864	1	0	0.501676903097114	2.14083887050475	0.0833671052798217	5.61334487010372	394	6
"stress physiological/drug effects"	"MESH"	0.0084745762711864	1	0	0.436509657800951	3.21125830575713	0.155915578576766	12.8816819530173	99	5
"stroke/prevention & control"	"MESH"	0.0084745762711864	1	0	0.531040854013807	1.42722591366984	0.0254556046655944	3.52975685640147	524	13
"stromal cells/physiology"	"MESH"	0.0084745762711864	1	5.19261841100076	0.465271478555295	4.63848421942697	0.291346360861691	12.2968505104789	122	3
"sulfasalazine/pharmacology"	"MESH"	0.0084745762711864	1	158.710989010989	0.526008275002118	3.21125830575713	0.29709286863135	9.39872396262194	222	10
"sulfasalazine/therapeutic use"	"MESH"	0.0084745762711864	1	77.2574481862793	0.544168721111657	3.92487126259205	0.337166449259761	6.78024328434841	334	14
"synovial membrane/cytology"	"MESH"	0.0084745762711864	1	109.207509624133	0.492556394316372	3.56806478417459	0.334000329276478	6.96029237921184	328	8
"t-lymphocytes cytotoxic/drug effects"	"MESH"	0.0084745762711864	1	21.0414241332103	0.51989385773232	4.63848421942697	0.349615633034029	8.24082067404347	272	9
"t-lymphocytes cytotoxic/metabolism"	"MESH"	0.0084745762711864	1	25.6	0.475986397343503	2.14083887050475	0.115718519269006	4.78458277064892	432	7
"thioredoxins/administration & dosage"	"MESH"	0.0084745762711864	1	0	0.422562917664553	1.78403239208729	0.0661845721305455	5.10858508666818	418	1
"tissue distribution"	"MESH"	0.0338983050847457	4	19642.7625	0.76102934654375	9.68232715928284	0.945023492610276	4.40001090306333	456	11
"tongue neoplasms/drug therapy"	"MESH"	0.0084745762711864	1	0	0.467882904991823	2.49764534892221	0.107549929712136	7.42326865428715	315	6
"tor serine-threonine kinases/antagonists & inhibitors"	"MESH"	0.0169491525423728	2	280.016251803752	0.503900028387437	4.95934066528052	0.585402920429072	13.9121173185325	56	12
"transferrin/genetics"	"MESH"	0.0084745762711864	1	138.447398512898	0.498024940610796	3.56806478417459	0.357587923151936	9.35078398664201	225	1
"triple negative breast neoplasms/metabolism"	"MESH"	0.0084745762711864	1	0	0.394797824371741	1.42722591366984	0.0254556046655944	2.87709461248257	556	9
"triple negative breast neoplasms/pathology"	"MESH"	0.0084745762711864	1	0	0.460140203089227	2.14083887050475	0.0833671052798217	9.95029232618678	212	4
"triterpenes/pharmacology"	"MESH"	0.0084745762711864	1	172.639384348005	0.588308218336235	2.85445182733967	0.247508263573156	7.52988071545346	311	5
"tumor escape/drug effects"	"MESH"	0.0084745762711864	1	21.0414241332103	0.51989385773232	4.63848421942697	0.349615633034029	8.24082067404347	278	9
"tumor hypoxia/drug effects"	"MESH"	0.0084745762711864	1	0	0.549139864895015	3.56806478417459	0.189644254758678	3.98591953453386	483	9
"tumor microenvironment"	"MESH"	0.110169491525424	13	17623.8310606061	0.803833838376508	13.5873148344924	0.980515697622877	3.43824417067746	536	13
"tumor microenvironment/drug effects"	"MESH"	0.0169491525423728	2	367.545454545455	0.514424551493095	7.49293604676664	0.719073340003293	5.80853288789886	376	9
"tumor necrosis factor inhibitors/pharmacology"	"MESH"	0.0084745762711864	1	109.207509624133	0.492556394316372	3.56806478417459	0.334000329276478	6.96029237921184	324	8
"tumor suppressor protein p53/genetics"	"MESH"	0.0084745762711864	1	521.449676047787	0.542959895768648	3.92487126259205	0.483343042767949	11.948397896142	134	1
"urinary bladder neoplasms/drug therapy"	"MESH"	0.0084745762711864	1	0	0.53643474878541	3.21125830575713	0.155915578576766	3.99240903037231	479	13
"urologic diseases/drug therapy"	"MESH"	0.0084745762711864	1	0	0.418139936500469	1.78403239208729	0.0661845721305455	4.46205019596687	452	1
"vascular endothelial growth factor a/antagonists & inhibitors"	"MESH"	0.0084745762711864	1	265.650584952611	0.545281481832734	4.63848421942697	0.575917224959157	5.70986643927931	384	8
"verteporfin/therapeutic use"	"MESH"	0.0084745762711864	1	265.650584952611	0.545281481832734	4.63848421942697	0.575917224959157	5.70986643927931	387	8
"water"	"MESH"	0.0084745762711864	1	172.639384348005	0.588308218336235	2.85445182733967	0.247508263573156	7.52988071545346	310	5
"zeolites/chemistry"	"MESH"	0.0084745762711864	1	0	0.549139864895015	3.56806478417459	0.189644254758678	3.98591953453386	485	9
"zinc oxide/administration & dosage"	"MESH"	0.0084745762711864	1	0	0.363047580938719	3.21125830575713	0.155915578576766	5.06353114084426	419	1
