KW	Category	Representativeness	Raw.Occurrence	Betweenness.centrality	Closeness.centrality	Strength	Wscore	Knode	Knode.rank	PMIDlist
acetaminophen/pharmacology	MESH	0.037037037037037	1	0	0.348065880785523	3.5623698102208	0.149640569220989	0.212610947029542	27	[34062295]
actins/metabolism	MESH	0.037037037037037	1	0	0.495217541035164	4.07127978310948	0.2275	-0.0583515624999993	39	[34811833]
adaptor proteins vesicular transport/genetics	MESH	0.037037037037037	1	0	2.03628651528965	4.58018975599817	0.8	-0.00800000000000005	7	[30830879]
adjuvants immunologic/chemistry	MESH	0.037037037037037	1	56.5986813186813	0.4317379059713	3.05345983733211	0.0978531957552937	0.148566682955663	104	[33236624]
amino acid transport system y+/genetics	MESH	0.037037037037037	1	27.4000000000002	0.27208192487902	3.05345983733211	0.0888552007433126	0.130875730504962	130	[31554642]
amino acid transport system y+/metabolism	MESH	0.074074074074074	2	248	0.613888251656537	6.61582964755291	0.9025	0.0507765625000006	32	[34811833,31043744]
aniline compounds/chemistry	MESH	0.037037037037037	1	105.234941739872	0.384643898224507	5.08909972888685	0.384957699643014	0.192641389853488	54	[34985903]
aniline compounds/pharmacology	MESH	0.037037037037037	1	22.5	0.841581429058168	5.59800970177554	0.54	0.387936718750001	9	[34593794]
antibodies monoclonal humanized/pharmacology	MESH	0.037037037037037	1	153.772972972973	0.375649200122157	3.05345983733211	0.119223433908749	0.165875393231048	83	[33691090]
antineoplastic agents immunological/administration &amp; dosage	MESH	0.037037037037037	1	27.4000000000002	0.27208192487902	3.05345983733211	0.0888552007433126	0.130875730504962	131	[31554642]
antineoplastic agents/chemistry	MESH	0.037037037037037	1	16.75	0.436298004408005	5.59800970177554	0.302606484424666	0.128239675455039	137	[31509699]
antioxidants/pharmacology	MESH	0.037037037037037	1	453.550340923563	0.501355997616945	7.12473962044159	0.742334588488435	0.215283617110504	18	[32778843]
apoptosis/drug effects	MESH	0.074074074074074	2	1863.17123862687	0.459891385835663	8.65146953910765	0.931243581593232	0.13640995697259	121	[31509699,32134361]
ascorbic acid/pharmacology	MESH	0.037037037037037	1	457.988817252958	0.449175324407628	2.54454986444343	0.046554843757641	0.218511613169377	9	[32686685]
asparaginase	MESH	0.037037037037037	1	0	0.463429149094083	2.54454986444343	0.0525	0.0759578125000007	28	[35778693]
autophagy-related proteins/genetics	MESH	0.037037037037037	1	909.586089054777	0.551038601825015	3.5623698102208	0.319233214338109	0.198593591093504	40	[33926261]
autophagy/drug effects	MESH	0.074074074074074	2	2733.04473098816	0.524072986643633	4.07127978310948	0.4619785808597	0.185212878979769	69	[33926261,33277233]
b-lymphocytes/metabolism	MESH	0.037037037037037	1	0	2.03628651528965	1.01781994577737	1	0	1	[31775041]
b7-h1 antigen/antagonists &amp; inhibitors	MESH	0.074074074074074	2	350	0.832756510867801	7.63364959333028	0.950625	0.343766406250001	13	[34593794,31043744]
b7-h1 antigen/metabolism	MESH	0.037037037037037	1	105.234941739872	0.384643898224507	5.08909972888685	0.384957699643014	0.192641389853488	53	[34985903]
bacterial toxins/metabolism	MESH	0.037037037037037	1	0	0.334043603202898	6.61582964755291	0.352095456990562	0.190448158820779	60	[35197507]
basic-leucine zipper transcription factors/analysis	MESH	0.037037037037037	1	0	2.03628651528965	1.52672991866606	1	0	4	[34991659]
benzylidene compounds/chemistry	MESH	0.037037037037037	1	105.234941739872	0.384643898224507	5.08909972888685	0.384957699643014	0.192641389853488	48	[34985903]
benzylidene compounds/pharmacology	MESH	0.037037037037037	1	22.5	0.841581429058168	5.59800970177554	0.54	0.387936718750001	5	[34593794]
biological products/chemistry	MESH	0.037037037037037	1	16.75	0.436298004408005	5.59800970177554	0.302606484424666	0.128239675455039	134	[31509699]
biomarkers tumor	MESH	0.037037037037037	1	0	0.307040479451983	6.61582964755291	0.352095456990562	0.138132420245826	113	[33311482]
biopterins/analogs &amp; derivatives	MESH	0.037037037037037	1	453.550340923563	0.501355997616945	7.12473962044159	0.742334588488435	0.215283617110504	12	[32778843]
bone marrow/drug effects	MESH	0.037037037037037	1	0	0.393008662827203	3.5623698102208	0.149640569220989	0.13089414683009	125	[32134361]
brain neoplasms/genetics	MESH	0.037037037037037	1	0	0.348065880785523	3.5623698102208	0.149640569220989	0.212610947029542	26	[34062295]
calreticulin/metabolism	MESH	0.037037037037037	1	457.988817252958	0.449175324407628	2.54454986444343	0.046554843757641	0.218511613169377	8	[32686685]
carbolines/pharmacology	MESH	0.074074074074074	2	832	0.423911987305183	8.45478538076289	0.824050075798327	0.240359272012638	3	[32778843,34717678]
carcinoma pancreatic ductal/metabolism	MESH	0.037037037037037	1	0	0.307040479451983	6.61582964755291	0.352095456990562	0.138132420245826	114	[33311482]
cation transport proteins/genetics	MESH	0.037037037037037	1	0	0.348065880785523	3.5623698102208	0.149640569220989	0.212610947029542	23	[34062295]
cd36 antigens/antagonists &amp; inhibitors	MESH	0.037037037037037	1	153.772972972973	0.375649200122157	3.05345983733211	0.119223433908749	0.165875393231048	86	[33691090]
cd8-positive t-lymphocytes/cytology	MESH	0.074074074074074	2	1157.41538751295	0.399524947409006	7.12473962044159	0.85207100591716	0.169706108428639	82	[34985903,33691090]
cd8-positive t-lymphocytes/drug effects	MESH	0.037037037037037	1	0	0.455544184024761	1.52672991866606	0.00880238642476405	0.156122957832274	91	[33277233]
cd8-positive t-lymphocytes/immunology	MESH	0.111111111111111	3	0	0.241012539140233	2.54454986444343	0.0234730304660375	0.111781571737381	143	[31554642]
cell cycle/drug effects	MESH	0.037037037037037	1	909.586089054777	0.551038601825015	3.5623698102208	0.319233214338109	0.198593591093504	44	[33926261]
cell line	MESH	0.037037037037037	1	0	0.495217541035164	4.07127978310948	0.2275	-0.0583515624999993	40	[34811833]
cell line tumor/transplantation	MESH	0.074074074074074	2	363	0.832756510867801	9.47260532654026	1	0.418016406250001	1	[34593794,33547170]
cell proliferation/drug effects	MESH	0.037037037037037	1	453.550340923563	0.501355997616945	7.12473962044159	0.742334588488435	0.215283617110504	19	[32778843]
cell survival	MESH	0.037037037037037	1	22.6666666666666	0.403281290336305	4.58018975599817	0.26416939703653	0.17029607173328	77	[32814895]
cell survival/drug effects	MESH	0.111111111111111	3	816	0.31167384754738	5.59800970177554	0.538461538461538	0.161342279727878	88	[31554642,34717678]
cell transformation neoplastic/genetics	MESH	0.037037037037037	1	0	0.307040479451983	6.61582964755291	0.352095456990562	0.138132420245826	112	[33311482]
cells cultured	MESH	0.074074074074074	2	1677	0.392543235771821	8.65146953910765	0.917648784781652	0.189660511176394	68	[35197507,30787033]
cisplatin	MESH	0.037037037037037	1	0	0.463429149094083	2.54454986444343	0.0525	0.0759578125000007	27	[35778693]
coenzyme a ligases/metabolism	MESH	0.037037037037037	1	22.6666666666666	0.403281290336305	4.58018975599817	0.26416939703653	0.17029607173328	79	[32814895]
collagen type i/metabolism	MESH	0.037037037037037	1	0	0.495217541035164	4.07127978310948	0.2275	-0.0583515624999993	35	[34811833]
colonic neoplasms/drug therapy	MESH	0.037037037037037	1	23.1428571428571	0.688386528624669	4.07127978310948	0.50375	0.332235156250001	15	[33547170]
cyclohexylamines/pharmacology	MESH	0.074074074074074	2	0	2.19106877888029	4.8924155705421	1	0.0479999999999999	2	[30830879,35197507]
cysteine/metabolism	MESH	0.037037037037037	1	46.8	0.71311211952417	3.05345983733211	0.2475	0.211353906250001	24	[31043744]
cystine/antagonists &amp; inhibitors	MESH	0.037037037037037	1	453.550340923563	0.501355997616945	7.12473962044159	0.742334588488435	0.215283617110504	15	[32778843]
cytokines/metabolism	MESH	0.074074074074074	2	1551.35187710507	0.412050288954401	6.61582964755291	0.780478262995746	0.14580198146888	107	[33691090,32134361]
cytoskeletal proteins/metabolism	MESH	0.037037037037037	1	0	2.03628651528965	1.01781994577737	1	0	2	[31775041]
dextrans/chemistry	MESH	0.037037037037037	1	56.5986813186813	0.4317379059713	3.05345983733211	0.0978531957552937	0.148566682955663	101	[33236624]
dichloroacetic acid/chemistry	MESH	0.037037037037037	1	16.75	0.436298004408005	5.59800970177554	0.302606484424666	0.128239675455039	139	[31509699]
diet	MESH	0.037037037037037	1	0	0.307040479451983	6.61582964755291	0.352095456990562	0.138132420245826	117	[33311482]
diterpenes/pharmacology	MESH	0.037037037037037	1	0	0.463429149094083	2.54454986444343	0.0525	0.0759578125000007	31	[35778693]
dna	MESH	0.037037037037037	1	0	0.307040479451983	6.61582964755291	0.352095456990562	0.138132420245826	108	[33311482]
dose-response relationship drug	MESH	0.074074074074074	2	832	0.423911987305183	8.45478538076289	0.824050075798327	0.240359272012638	4	[32778843,34717678]
drug interactions	MESH	0.037037037037037	1	0	0.393008662827203	3.5623698102208	0.149640569220989	0.13089414683009	124	[32134361]
drug resistance neoplasm	MESH	0.037037037037037	1	0	2.03628651528965	1.52672991866606	1	0	1	[34991659]
drug resistance neoplasm/drug effects	MESH	0.037037037037037	1	22.5	0.841581429058168	5.59800970177554	0.54	0.387936718750001	3	[34593794]
drug synergism	MESH	0.037037037037037	1	16.75	0.436298004408005	5.59800970177554	0.302606484424666	0.128239675455039	140	[31509699]
endoplasmic reticulum/drug effects	MESH	0.037037037037037	1	0	0.455544184024761	1.52672991866606	0.00880238642476405	0.156122957832274	90	[33277233]
endothelial cells/metabolism	MESH	0.037037037037037	1	0	0.334043603202898	6.61582964755291	0.352095456990562	0.190448158820779	57	[35197507]
energy metabolism/drug effects	MESH	0.037037037037037	1	16.75	0.436298004408005	5.59800970177554	0.302606484424666	0.128239675455039	136	[31509699]
exosomes/drug effects	MESH	0.037037037037037	1	22.5	0.841581429058168	5.59800970177554	0.54	0.387936718750001	7	[34593794]
exosomes/metabolism	MESH	0.037037037037037	1	105.234941739872	0.384643898224507	5.08909972888685	0.384957699643014	0.192641389853488	52	[34985903]
fatty acids/metabolism	MESH	0.037037037037037	1	153.772972972973	0.375649200122157	3.05345983733211	0.119223433908749	0.165875393231048	85	[33691090]
ferric compounds/chemistry	MESH	0.111111111111111	3	2188.7838404404	0.43045247678128	9.16037951199633	0.965230573622182	0.194093201781097	45	[33236624,34985903,32686685]
ferritins/blood	MESH	0.037037037037037	1	0	0.379565632355143	4.07127978310948	0.196586630153064	0.151921235350348	97	[31980600]
flavonolignans/pharmacology	MESH	0.037037037037037	1	909.586089054777	0.551038601825015	3.5623698102208	0.319233214338109	0.198593591093504	43	[33926261]
folic acid antagonists/pharmacology	MESH	0.037037037037037	1	453.550340923563	0.501355997616945	7.12473962044159	0.742334588488435	0.215283617110504	17	[32778843]
fusion regulatory protein 1 heavy chain/metabolism	MESH	0.037037037037037	1	46.8	0.71311211952417	3.05345983733211	0.2475	0.211353906250001	22	[31043744]
gels/chemistry	MESH	0.037037037037037	1	56.5986813186813	0.4317379059713	3.05345983733211	0.0978531957552937	0.148566682955663	103	[33236624]
gene expression	MESH	0.037037037037037	1	151.666666666667	0.359758423344008	4.07127978310948	0.334197271260208	0.202320968251696	35	[34717678]
gene expression regulation neoplastic	MESH	0.074074074074074	2	945	0.415603767680603	8.14255956621896	0.858232676414495	0.234813157796379	6	[34062295,32778843]
gene expression regulation neoplastic/drug effects	MESH	0.037037037037037	1	27.4000000000002	0.27208192487902	3.05345983733211	0.0888552007433126	0.130875730504962	132	[31554642]
genetic variation	MESH	0.037037037037037	1	0	0.379565632355143	4.07127978310948	0.196586630153064	0.151921235350348	96	[31980600]
glioblastoma/genetics	MESH	0.037037037037037	1	0	0.348065880785523	3.5623698102208	0.149640569220989	0.212610947029542	21	[34062295]
glutathione	MESH	0.037037037037037	1	0	0.348065880785523	3.5623698102208	0.149640569220989	0.212610947029542	30	[34396451]
glutathione peroxidase/metabolism	MESH	0.037037037037037	1	909.586089054777	0.551038601825015	3.5623698102208	0.319233214338109	0.198593591093504	41	[33926261]
glutathione peroxidase/therapeutic use	MESH	0.037037037037037	1	0	2.03628651528965	1.01781994577737	1	0	3	[31775041]
glutathione/metabolism	MESH	0.111111111111111	3	3754.33333333333	0.488647165920915	8.76701119530682	0.979020979020979	0.183319477007644	70	[33926261,32814895,30787033]
gold/chemistry	MESH	0.037037037037037	1	56.5986813186813	0.4317379059713	3.05345983733211	0.0978531957552937	0.148566682955663	105	[33236624]
heart ventricles/diagnostic imaging	MESH	0.037037037037037	1	0	0.334043603202898	6.61582964755291	0.352095456990562	0.190448158820779	56	[35197507]
heat-shock proteins/genetics	MESH	0.037037037037037	1	0	0.348065880785523	3.5623698102208	0.149640569220989	0.212610947029542	22	[34062295]
heme oxygenase-1/metabolism	MESH	0.037037037037037	1	23.1428571428571	0.688386528624669	4.07127978310948	0.50375	0.332235156250001	18	[33547170]
hemeproteins/toxicity	MESH	0.037037037037037	1	0	0.379565632355143	4.07127978310948	0.196586630153064	0.151921235350348	92	[31980600]
hemodynamics/drug effects	MESH	0.037037037037037	1	0	0.334043603202898	6.61582964755291	0.352095456990562	0.190448158820779	65	[35197507]
hepatic stellate cells/drug effects	MESH	0.037037037037037	1	0	0.495217541035164	4.07127978310948	0.2275	-0.0583515624999993	36	[34811833]
hepatocytes/drug effects	MESH	0.037037037037037	1	0	0.495217541035164	4.07127978310948	0.2275	-0.0583515624999993	33	[34811833]
hmgb1 protein/metabolism	MESH	0.037037037037037	1	0	0.334043603202898	6.61582964755291	0.352095456990562	0.190448158820779	66	[35197507]
host-pathogen interactions	MESH	0.037037037037037	1	46.3333333333332	0.409564709874123	3.5623698102208	0.204508777935351	0.177534852130048	74	[30787033]
hyaluronan receptors/genetics	MESH	0.037037037037037	1	0	0.348065880785523	3.5623698102208	0.149640569220989	0.212610947029542	28	[34062295]
hyaluronic acid/chemistry	MESH	0.037037037037037	1	22.5	0.841581429058168	5.59800970177554	0.54	0.387936718750001	8	[34593794]
hypertension pulmonary/chemically induced	MESH	0.037037037037037	1	0	0.334043603202898	6.61582964755291	0.352095456990562	0.190448158820779	67	[35197507]
hypoxia-inducible factor 1 alpha subunit/metabolism	MESH	0.037037037037037	1	0	0.495217541035164	4.07127978310948	0.2275	-0.0583515624999993	34	[34811833]
ileum/drug effects	MESH	0.037037037037037	1	0	0.393008662827203	3.5623698102208	0.149640569220989	0.13089414683009	122	[32134361]
immune checkpoint inhibitors/pharmacology	MESH	0.037037037037037	1	22.5	0.841581429058168	5.59800970177554	0.54	0.387936718750001	4	[34593794]
immunogenic cell death/drug effects	MESH	0.037037037037037	1	105.234941739872	0.384643898224507	5.08909972888685	0.384957699643014	0.192641389853488	47	[34985903]
immunologic memory	MESH	0.037037037037037	1	22.5	0.841581429058168	5.59800970177554	0.54	0.387936718750001	12	[34593794]
inflammasomes/metabolism	MESH	0.037037037037037	1	0	0.334043603202898	6.61582964755291	0.352095456990562	0.190448158820779	64	[35197507]
inflammation mediators/antagonists &amp; inhibitors	MESH	0.037037037037037	1	151.666666666667	0.359758423344008	4.07127978310948	0.334197271260208	0.202320968251696	34	[34717678]
inflammation/drug therapy	MESH	0.037037037037037	1	0	2.03628651528965	4.58018975599817	0.8	-0.00800000000000005	10	[30830879]
inflammation/metabolism	MESH	0.037037037037037	1	0	0.334043603202898	6.61582964755291	0.352095456990562	0.190448158820779	62	[35197507]
interferon-gamma/immunology	MESH	0.037037037037037	1	46.8	0.71311211952417	3.05345983733211	0.2475	0.211353906250001	25	[31043744]
interferon-gamma/metabolism	MESH	0.037037037037037	1	105.234941739872	0.384643898224507	5.08909972888685	0.384957699643014	0.192641389853488	46	[34985903]
iron chelating agents/pharmacology	MESH	0.037037037037037	1	46.3333333333332	0.409564709874123	3.5623698102208	0.204508777935351	0.177534852130048	72	[30787033]
iron/blood	MESH	0.037037037037037	1	0	0.348065880785523	3.5623698102208	0.149640569220989	0.212610947029542	31	[34396451]
iron/metabolism	MESH	0.148148148148148	4	1081.33333333333	0.460581693213558	10.2937411139729	0.916083916083916	0.170989428079981	75	[32814895,31980600,30787033]
jurkat cells	MESH	0.074074074074074	2	3032.59120589364	0.524072986643633	7.12473962044159	0.916621839698763	0.252990570504343	1	[32778843,33926261]
kidney	MESH	0.037037037037037	1	0	0.348065880785523	3.5623698102208	0.149640569220989	0.212610947029542	29	[34396451]
killer cells natural/metabolism	MESH	0.037037037037037	1	0	0.463429149094083	2.54454986444343	0.0525	0.0759578125000007	29	[35778693]
lipid metabolism/drug effects	MESH	0.037037037037037	1	27.4000000000002	0.27208192487902	3.05345983733211	0.0888552007433126	0.130875730504962	128	[31554642]
lipopolysaccharides/toxicity	MESH	0.037037037037037	1	151.666666666667	0.359758423344008	4.07127978310948	0.334197271260208	0.202320968251696	39	[34717678]
listeriosis/etiology	MESH	0.037037037037037	1	0	0.379565632355143	4.07127978310948	0.196586630153064	0.151921235350348	98	[31980600]
liver cirrhosis/drug therapy	MESH	0.037037037037037	1	0	0.495217541035164	4.07127978310948	0.2275	-0.0583515624999993	37	[34811833]
liver x receptors/agonists	MESH	0.037037037037037	1	0	0.379565632355143	4.07127978310948	0.196586630153064	0.151921235350348	99	[31980600]
liver/pathology	MESH	0.037037037037037	1	0	0.348065880785523	3.5623698102208	0.149640569220989	0.212610947029542	25	[34396451]
lung/blood supply	MESH	0.037037037037037	1	0	0.334043603202898	6.61582964755291	0.352095456990562	0.190448158820779	61	[35197507]
lymph/metabolism	MESH	0.037037037037037	1	22.6666666666666	0.403281290336305	4.58018975599817	0.26416939703653	0.17029607173328	81	[32814895]
lymphocytes tumor-infiltrating/immunology	MESH	0.037037037037037	1	23.1428571428571	0.688386528624669	4.07127978310948	0.50375	0.332235156250001	14	[33547170]
lymphoma t-cell	MESH	0.037037037037037	1	0	0.463429149094083	2.54454986444343	0.0525	0.0759578125000007	30	[35778693]
macrophages	MESH	0.037037037037037	1	0	0.307040479451983	6.61582964755291	0.352095456990562	0.138132420245826	118	[33311482]
macrophages/cytology	MESH	0.074074074074074	2	618.603162690967	0.449175324407628	7.63364959333028	0.780478262995746	0.122408293534344	141	[33236624,31509699]
macrophages/drug effects	MESH	0.148148148148148	4	0	0.34219252682974	1.52672991866606	0.00880238642476405	0.164028992226858	87	[30787033]
macrophages/metabolism	MESH	0.037037037037037	1	0	0.334043603202898	6.61582964755291	0.352095456990562	0.190448158820779	63	[35197507]
malaria/genetics	MESH	0.037037037037037	1	0	0.379565632355143	4.07127978310948	0.196586630153064	0.151921235350348	95	[31980600]
malondialdehyde/blood	MESH	0.037037037037037	1	0	0.348065880785523	3.5623698102208	0.149640569220989	0.212610947029542	24	[34396451]
melanoma/blood	MESH	0.037037037037037	1	22.6666666666666	0.403281290336305	4.58018975599817	0.26416939703653	0.17029607173328	80	[32814895]
melanoma/genetics	MESH	0.037037037037037	1	46.8	0.71311211952417	3.05345983733211	0.2475	0.211353906250001	23	[31043744]
membrane proteins/genetics	MESH	0.037037037037037	1	0	0.307040479451983	6.61582964755291	0.352095456990562	0.138132420245826	119	[33311482]
membrane proteins/metabolism	MESH	0.037037037037037	1	23.1428571428571	0.688386528624669	4.07127978310948	0.50375	0.332235156250001	20	[33547170]
metal-organic frameworks/chemistry	MESH	0.037037037037037	1	105.234941739872	0.384643898224507	5.08909972888685	0.384957699643014	0.192641389853488	50	[34985903]
methotrexate/pharmacology	MESH	0.037037037037037	1	453.550340923563	0.501355997616945	7.12473962044159	0.742334588488435	0.215283617110504	11	[32778843]
microglia/drug effects	MESH	0.037037037037037	1	151.666666666667	0.359758423344008	4.07127978310948	0.334197271260208	0.202320968251696	37	[34717678]
mitochondria/drug effects	MESH	0.074074074074074	2	0	0.362919184708905	4.07127978310948	0.196586630153064	0.11955104887787	142	[31509699]
monocrotaline/toxicity	MESH	0.037037037037037	1	0	0.334043603202898	6.61582964755291	0.352095456990562	0.190448158820779	58	[35197507]
multiple myeloma/drug therapy	MESH	0.037037037037037	1	153.772972972973	0.375649200122157	3.05345983733211	0.119223433908749	0.165875393231048	84	[33691090]
myeloid-derived suppressor cells/immunology	MESH	0.037037037037037	1	23.1428571428571	0.688386528624669	4.07127978310948	0.50375	0.332235156250001	17	[33547170]
myocardial reperfusion injury/drug therapy	MESH	0.037037037037037	1	0	2.03628651528965	4.58018975599817	0.8	-0.00800000000000005	5	[30830879]
myocardium/immunology	MESH	0.037037037037037	1	0	2.03628651528965	4.58018975599817	0.8	-0.00800000000000005	6	[30830879]
necroptosis/drug effects	MESH	0.037037037037037	1	0	0.393008662827203	3.5623698102208	0.149640569220989	0.13089414683009	127	[32134361]
neoplasm metastasis/drug therapy	MESH	0.037037037037037	1	22.6666666666666	0.403281290336305	4.58018975599817	0.26416939703653	0.17029607173328	76	[32814895]
neoplasms/diagnostic imaging	MESH	0.037037037037037	1	457.988817252958	0.449175324407628	2.54454986444343	0.046554843757641	0.218511613169377	7	[32686685]
neoplasms/drug therapy	MESH	0.074074074074074	2	2648.75242329586	0.499623423701028	6.61582964755291	0.821556066311311	0.14601320124561	106	[31509699,33277233]
neutral ceramidase/antagonists &amp; inhibitors	MESH	0.037037037037037	1	23.1428571428571	0.688386528624669	4.07127978310948	0.50375	0.332235156250001	16	[33547170]
neutrophil infiltration	MESH	0.037037037037037	1	0	2.03628651528965	4.58018975599817	0.8	-0.00800000000000005	4	[30830879]
neutrophils/immunology	MESH	0.037037037037037	1	0	2.03628651528965	4.58018975599817	0.8	-0.00800000000000005	3	[30830879]
nf-e2-related factor 2/biosynthesis	MESH	0.037037037037037	1	151.666666666667	0.359758423344008	4.07127978310948	0.334197271260208	0.202320968251696	36	[34717678]
nivolumab/therapeutic use	MESH	0.037037037037037	1	46.8	0.71311211952417	3.05345983733211	0.2475	0.211353906250001	21	[31043744]
nlr family pyrin domain-containing 3 protein/metabolism	MESH	0.037037037037037	1	0	0.334043603202898	6.61582964755291	0.352095456990562	0.190448158820779	59	[35197507]
oleic acid/metabolism	MESH	0.037037037037037	1	22.6666666666666	0.403281290336305	4.58018975599817	0.26416939703653	0.17029607173328	78	[32814895]
oxidative stress	MESH	0.074074074074074	2	2111.24757670414	0.471131254067318	6.61582964755291	0.809819551078292	0.245060186671706	2	[32778843,32686685]
oxidative stress/drug effects	MESH	0.074074074074074	2	0	0.338983218254549	3.05345983733211	0.0674849625898577	0.156580087323703	89	[32814895]
pancreas/metabolism	MESH	0.037037037037037	1	0	0.307040479451983	6.61582964755291	0.352095456990562	0.138132420245826	110	[33311482]
pancreatitis/genetics	MESH	0.037037037037037	1	0	0.307040479451983	6.61582964755291	0.352095456990562	0.138132420245826	109	[33311482]
phenol/chemistry	MESH	0.037037037037037	1	105.234941739872	0.384643898224507	5.08909972888685	0.384957699643014	0.192641389853488	51	[34985903]
phenylenediamines/pharmacology	MESH	0.074074074074074	2	0	2.19106877888029	4.8924155705421	1	0.0479999999999999	1	[30830879,35197507]
phospholipid hydroperoxide glutathione peroxidase	MESH	0.037037037037037	1	0	0.348065880785523	3.5623698102208	0.149640569220989	0.212610947029542	33	[34396451]
phospholipid hydroperoxide glutathione peroxidase/antagonists &amp; inhibitors	MESH	0.037037037037037	1	453.550340923563	0.501355997616945	7.12473962044159	0.742334588488435	0.215283617110504	14	[32778843]
phospholipid hydroperoxide glutathione peroxidase/genetics	MESH	0.037037037037037	1	0	0.307040479451983	6.61582964755291	0.352095456990562	0.138132420245826	111	[33311482]
phospholipid hydroperoxide glutathione peroxidase/metabolism	MESH	0.074074074074074	2	1745.33333333333	0.462190537761328	6.73137130375208	0.804733727810651	0.183034249957349	71	[32814895,30787033]
piperazines/pharmacology	MESH	0.074074074074074	2	945	0.415603767680603	8.14255956621896	0.858232676414495	0.234813157796379	5	[32778843,34396451]
precursor cell lymphoblastic leukemia-lymphoma/metabolism	MESH	0.037037037037037	1	909.586089054777	0.551038601825015	3.5623698102208	0.319233214338109	0.198593591093504	42	[33926261]
programmed cell death 1 receptor/metabolism	MESH	0.037037037037037	1	105.234941739872	0.384643898224507	5.08909972888685	0.384957699643014	0.192641389853488	49	[34985903]
protein kinase inhibitors/chemistry	MESH	0.037037037037037	1	16.75	0.436298004408005	5.59800970177554	0.302606484424666	0.128239675455039	133	[31509699]
proto-oncogene proteins p21(ras)/metabolism	MESH	0.037037037037037	1	0	0.307040479451983	6.61582964755291	0.352095456990562	0.138132420245826	120	[33311482]
pyruvate dehydrogenase acetyl-transferring kinase/antagonists &amp; inhibitors	MESH	0.037037037037037	1	16.75	0.436298004408005	5.59800970177554	0.302606484424666	0.128239675455039	135	[31509699]
quinoxalines/pharmacology	MESH	0.037037037037037	1	0	0.307040479451983	6.61582964755291	0.352095456990562	0.138132420245826	115	[33311482]
radiation-protective agents/pharmacology	MESH	0.037037037037037	1	0	0.393008662827203	3.5623698102208	0.149640569220989	0.13089414683009	126	[32134361]
raw 264.7 cells	MESH	0.037037037037037	1	151.666666666667	0.359758423344008	4.07127978310948	0.334197271260208	0.202320968251696	38	[34717678]
saponins/chemistry	MESH	0.037037037037037	1	16.75	0.436298004408005	5.59800970177554	0.302606484424666	0.128239675455039	138	[31509699]
skin neoplasms/drug therapy	MESH	0.037037037037037	1	22.5	0.841581429058168	5.59800970177554	0.54	0.387936718750001	11	[34593794]
small molecule libraries/pharmacology	MESH	0.037037037037037	1	0	0.393008662827203	3.5623698102208	0.149640569220989	0.13089414683009	123	[32134361]
sorafenib/pharmacology	MESH	0.037037037037037	1	0	0.495217541035164	4.07127978310948	0.2275	-0.0583515624999993	38	[34811833]
spiro compounds/pharmacology	MESH	0.037037037037037	1	0	0.307040479451983	6.61582964755291	0.352095456990562	0.138132420245826	116	[33311482]
spleen/pathology	MESH	0.037037037037037	1	0	0.348065880785523	3.5623698102208	0.149640569220989	0.212610947029542	32	[34396451]
sulfasalazine/administration &amp; dosage	MESH	0.037037037037037	1	27.4000000000002	0.27208192487902	3.05345983733211	0.0888552007433126	0.130875730504962	129	[31554642]
t-lymphocytes cytotoxic/drug effects	MESH	0.037037037037037	1	22.5	0.841581429058168	5.59800970177554	0.54	0.387936718750001	6	[34593794]
t-lymphocytes cytotoxic/immunology	MESH	0.037037037037037	1	0	0.348065880785523	3.5623698102208	0.149640569220989	0.212610947029542	20	[34062295]
t-lymphocytes cytotoxic/metabolism	MESH	0.037037037037037	1	457.988817252958	0.449175324407628	2.54454986444343	0.046554843757641	0.218511613169377	10	[32686685]
t-lymphocytes/immunology	MESH	0.037037037037037	1	23.1428571428571	0.688386528624669	4.07127978310948	0.50375	0.332235156250001	19	[33547170]
tetrahydrofolate dehydrogenase/genetics	MESH	0.037037037037037	1	453.550340923563	0.501355997616945	7.12473962044159	0.742334588488435	0.215283617110504	13	[32778843]
toll-like receptor 4/genetics	MESH	0.037037037037037	1	0	2.03628651528965	4.58018975599817	0.8	-0.00800000000000005	9	[30830879]
toll-like receptor 4/metabolism	MESH	0.037037037037037	1	0	0.334043603202898	6.61582964755291	0.352095456990562	0.190448158820779	55	[35197507]
transferrin/metabolism	MESH	0.037037037037037	1	0	0.379565632355143	4.07127978310948	0.196586630153064	0.151921235350348	94	[31980600]
triple negative breast neoplasms/drug therapy	MESH	0.037037037037037	1	0	2.03628651528965	1.52672991866606	1	0	2	[34991659]
tuberculosis/metabolism	MESH	0.037037037037037	1	46.3333333333332	0.409564709874123	3.5623698102208	0.204508777935351	0.177534852130048	73	[30787033]
tumor escape/drug effects	MESH	0.037037037037037	1	22.5	0.841581429058168	5.59800970177554	0.54	0.387936718750001	10	[34593794]
tumor microenvironment	MESH	0.074074074074074	2	1677	0.355774589858462	9.16037951199633	0.937454154237371	0.148678254653993	100	[33691090,33311482]
tumor microenvironment/drug effects	MESH	0.148148148148148	4	0	0.727214999410916	0.821135787432616	0.00875	0.398499218750001	2	[33547170,34593794]
tumor suppressor protein p53/genetics	MESH	0.037037037037037	1	0	0.379565632355143	4.07127978310948	0.196586630153064	0.151921235350348	93	[31980600]
tumor suppressor protein p53/metabolism	MESH	0.074074074074074	2	170	0.578135811488908	6.10691967466422	0.855625	0.201669531250001	26	[35778693,33547170]
tumor-associated macrophages/drug effects	MESH	0.037037037037037	1	0	2.03628651528965	1.52672991866606	1	0	3	[34991659]
urinary bladder neoplasms/pathology	MESH	0.037037037037037	1	56.5986813186813	0.4317379059713	3.05345983733211	0.0978531957552937	0.148566682955663	102	[33236624]
ventricular function left/drug effects	MESH	0.037037037037037	1	0	2.03628651528965	4.58018975599817	0.8	-0.00800000000000005	8	[30830879]
vitamin e/pharmacology	MESH	0.037037037037037	1	453.550340923563	0.501355997616945	7.12473962044159	0.742334588488435	0.215283617110504	16	[32778843]
